Analysis & Synthesis report for exp6
Tue Oct  6 16:51:48 2026
Quartus Prime Version 25.1std.0 Build 1129 10/21/2025 SC Lite Edition


---------------------
; Table of Contents ;
---------------------
  1. Legal Notice
  2. Analysis & Synthesis Summary
  3. Analysis & Synthesis Settings
  4. Parallel Compilation
  5. Analysis & Synthesis Source Files Read
  6. Analysis & Synthesis Resource Usage Summary
  7. Analysis & Synthesis Resource Utilization by Entity
  8. State Machine - |sonar|sonar_fd:fd_sonar|tx_serial_7E1:U2|tx_serial_uc:U2_UC|Eatual
  9. State Machine - |sonar|sonar_fd:fd_sonar|interface_hcsr04:U1|interface_hcsr04_fd:U2|contador_cm:U2|contador_cm_uc:UC|Eatual
 10. State Machine - |sonar|sonar_fd:fd_sonar|interface_hcsr04:U1|interface_hcsr04_fd:U2|gerador_pulso:U1|reg_estado
 11. State Machine - |sonar|sonar_fd:fd_sonar|interface_hcsr04:U1|interface_hcsr04_uc:U1|Eatual
 12. State Machine - |sonar|sonar_fd:fd_sonar|rx_serial_7E1:U0_rx|rx_serial_uc:U2_UC|Eatual
 13. State Machine - |sonar|sonar_uc:uc_sonar|estado_atual
 14. Registers Removed During Synthesis
 15. General Register Statistics
 16. Inverted Register Statistics
 17. Multiplexer Restructuring Statistics (Restructuring Performed)
 18. Parameter Settings for User Entity Instance: Top-level Entity: |sonar
 19. Parameter Settings for User Entity Instance: sonar_fd:fd_sonar
 20. Parameter Settings for User Entity Instance: sonar_fd:fd_sonar|rx_serial_7E1:U0_rx|rx_serial_7E1_fd:U1_FD|deslocador_n:DESL
 21. Parameter Settings for User Entity Instance: sonar_fd:fd_sonar|rx_serial_7E1:U0_rx|rx_serial_7E1_fd:U1_FD|contador_m:CONT
 22. Parameter Settings for User Entity Instance: sonar_fd:fd_sonar|rx_serial_7E1:U0_rx|rx_serial_7E1_fd:U1_FD|registrador_n:REG
 23. Parameter Settings for User Entity Instance: sonar_fd:fd_sonar|rx_serial_7E1:U0_rx|rx_serial_uc:U2_UC
 24. Parameter Settings for User Entity Instance: sonar_fd:fd_sonar|rx_serial_7E1:U0_rx|contador_m:U3_TICK
 25. Parameter Settings for User Entity Instance: sonar_fd:fd_sonar|contador_m:U3_tx
 26. Parameter Settings for User Entity Instance: sonar_fd:fd_sonar|interface_hcsr04:U1|interface_hcsr04_uc:U1
 27. Parameter Settings for User Entity Instance: sonar_fd:fd_sonar|interface_hcsr04:U1|interface_hcsr04_fd:U2|gerador_pulso:U1
 28. Parameter Settings for User Entity Instance: sonar_fd:fd_sonar|interface_hcsr04:U1|interface_hcsr04_fd:U2|contador_cm:U2
 29. Parameter Settings for User Entity Instance: sonar_fd:fd_sonar|interface_hcsr04:U1|interface_hcsr04_fd:U2|contador_cm:U2|contador_cm_fd:FD
 30. Parameter Settings for User Entity Instance: sonar_fd:fd_sonar|interface_hcsr04:U1|interface_hcsr04_fd:U2|contador_cm:U2|contador_cm_fd:FD|contador_m:U1
 31. Parameter Settings for User Entity Instance: sonar_fd:fd_sonar|interface_hcsr04:U1|interface_hcsr04_fd:U2|contador_cm:U2|contador_cm_uc:UC
 32. Parameter Settings for User Entity Instance: sonar_fd:fd_sonar|interface_hcsr04:U1|interface_hcsr04_fd:U2|registrador_n:U3
 33. Parameter Settings for User Entity Instance: sonar_fd:fd_sonar|tx_serial_7E1:U2|tx_serial_7E1_fd:U1_FD|deslocador_n:U1
 34. Parameter Settings for User Entity Instance: sonar_fd:fd_sonar|tx_serial_7E1:U2|tx_serial_7E1_fd:U1_FD|contador_m:U2
 35. Parameter Settings for User Entity Instance: sonar_fd:fd_sonar|tx_serial_7E1:U2|tx_serial_uc:U2_UC
 36. Parameter Settings for User Entity Instance: sonar_fd:fd_sonar|tx_serial_7E1:U2|contador_m:U3_TICK
 37. Parameter Settings for User Entity Instance: sonar_fd:fd_sonar|contador_m:U4
 38. Parameter Settings for User Entity Instance: sonar_fd:fd_sonar|controle_servo_8:U7|circuito_pwm:gera_pwm
 39. Parameter Settings for User Entity Instance: sonar_fd:fd_sonar|contador_m:U8
 40. Port Connectivity Checks: "sonar_fd:fd_sonar|contador_m:U8"
 41. Port Connectivity Checks: "sonar_fd:fd_sonar|controle_servo_8:U7"
 42. Port Connectivity Checks: "sonar_fd:fd_sonar|rom_angulos_8x24:U6"
 43. Port Connectivity Checks: "sonar_fd:fd_sonar|contador_m:U4"
 44. Port Connectivity Checks: "sonar_fd:fd_sonar|tx_serial_7E1:U2|contador_m:U3_TICK"
 45. Port Connectivity Checks: "sonar_fd:fd_sonar|tx_serial_7E1:U2|tx_serial_7E1_fd:U1_FD|contador_m:U2"
 46. Port Connectivity Checks: "sonar_fd:fd_sonar|tx_serial_7E1:U2|tx_serial_7E1_fd:U1_FD|deslocador_n:U1"
 47. Port Connectivity Checks: "sonar_fd:fd_sonar|tx_serial_7E1:U2"
 48. Port Connectivity Checks: "sonar_fd:fd_sonar|interface_hcsr04:U1|interface_hcsr04_fd:U2|contador_cm:U2|contador_cm_fd:FD|contador_m:U1"
 49. Port Connectivity Checks: "sonar_fd:fd_sonar|interface_hcsr04:U1|interface_hcsr04_fd:U2|gerador_pulso:U1"
 50. Port Connectivity Checks: "sonar_fd:fd_sonar|interface_hcsr04:U1|interface_hcsr04_fd:U2"
 51. Port Connectivity Checks: "sonar_fd:fd_sonar|interface_hcsr04:U1"
 52. Port Connectivity Checks: "sonar_fd:fd_sonar|contador_m:U3_tx"
 53. Port Connectivity Checks: "sonar_fd:fd_sonar|rx_serial_7E1:U0_rx|contador_m:U3_TICK"
 54. Port Connectivity Checks: "sonar_fd:fd_sonar|rx_serial_7E1:U0_rx|rx_serial_7E1_fd:U1_FD|contador_m:CONT"
 55. Port Connectivity Checks: "sonar_fd:fd_sonar|rx_serial_7E1:U0_rx|rx_serial_7E1_fd:U1_FD|deslocador_n:DESL"
 56. Port Connectivity Checks: "sonar_fd:fd_sonar|rx_serial_7E1:U0_rx"
 57. Post-Synthesis Netlist Statistics for Top Partition
 58. Elapsed Time Per Partition
 59. Analysis & Synthesis Messages
 60. Analysis & Synthesis Suppressed Messages



----------------
; Legal Notice ;
----------------
Copyright (C) 2025  Altera Corporation. All rights reserved.
Your use of Altera Corporation's design tools, logic functions 
and other software and tools, and any partner logic 
functions, and any output files from any of the foregoing 
(including device programming or simulation files), and any 
associated documentation or information are expressly subject 
to the terms and conditions of the Altera Program License 
Subscription Agreement, the Altera Quartus Prime License Agreement,
the Altera IP License Agreement, or other applicable license
agreement, including, without limitation, that your use is for
the sole purpose of programming logic devices manufactured by
Altera and sold by Altera or its authorized distributors.  Please
refer to the Altera Software License Subscription Agreements 
on the Quartus Prime software download page.



+-----------------------------------------------------------------------------------+
; Analysis & Synthesis Summary                                                      ;
+---------------------------------+-------------------------------------------------+
; Analysis & Synthesis Status     ; Successful - Tue Oct  6 16:51:48 2026           ;
; Quartus Prime Version           ; 25.1std.0 Build 1129 10/21/2025 SC Lite Edition ;
; Revision Name                   ; exp6                                            ;
; Top-level Entity Name           ; sonar                                           ;
; Family                          ; Cyclone V                                       ;
; Logic utilization (in ALMs)     ; N/A                                             ;
; Total registers                 ; 274                                             ;
; Total pins                      ; 64                                              ;
; Total virtual pins              ; 0                                               ;
; Total block memory bits         ; 0                                               ;
; Total DSP Blocks                ; 0                                               ;
; Total HSSI RX PCSs              ; 0                                               ;
; Total HSSI PMA RX Deserializers ; 0                                               ;
; Total HSSI TX PCSs              ; 0                                               ;
; Total HSSI PMA TX Serializers   ; 0                                               ;
; Total PLLs                      ; 0                                               ;
; Total DLLs                      ; 0                                               ;
+---------------------------------+-------------------------------------------------+


+---------------------------------------------------------------------------------------------------------------------------+
; Analysis & Synthesis Settings                                                                                             ;
+---------------------------------------------------------------------------------+--------------------+--------------------+
; Option                                                                          ; Setting            ; Default Value      ;
+---------------------------------------------------------------------------------+--------------------+--------------------+
; Device                                                                          ; 5CEBA4F23C7        ;                    ;
; Top-level entity name                                                           ; sonar              ; exp6               ;
; Family name                                                                     ; Cyclone V          ; Cyclone V          ;
; Use smart compilation                                                           ; Off                ; Off                ;
; Enable parallel Assembler and Timing Analyzer during compilation                ; On                 ; On                 ;
; Enable compact report table                                                     ; Off                ; Off                ;
; Restructure Multiplexers                                                        ; Auto               ; Auto               ;
; MLAB Add Timing Constraints For Mixed-Port Feed-Through Mode Setting Don't Care ; Off                ; Off                ;
; Create Debugging Nodes for IP Cores                                             ; Off                ; Off                ;
; Preserve fewer node names                                                       ; On                 ; On                 ;
; Intel FPGA IP Evaluation Mode                                                   ; Enable             ; Enable             ;
; Verilog Version                                                                 ; Verilog_2001       ; Verilog_2001       ;
; VHDL Version                                                                    ; VHDL_1993          ; VHDL_1993          ;
; State Machine Processing                                                        ; Auto               ; Auto               ;
; Safe State Machine                                                              ; Off                ; Off                ;
; Extract Verilog State Machines                                                  ; On                 ; On                 ;
; Extract VHDL State Machines                                                     ; On                 ; On                 ;
; Ignore Verilog initial constructs                                               ; Off                ; Off                ;
; Iteration limit for constant Verilog loops                                      ; 5000               ; 5000               ;
; Iteration limit for non-constant Verilog loops                                  ; 250                ; 250                ;
; Add Pass-Through Logic to Inferred RAMs                                         ; On                 ; On                 ;
; Infer RAMs from Raw Logic                                                       ; On                 ; On                 ;
; Parallel Synthesis                                                              ; On                 ; On                 ;
; DSP Block Balancing                                                             ; Auto               ; Auto               ;
; NOT Gate Push-Back                                                              ; On                 ; On                 ;
; Power-Up Don't Care                                                             ; On                 ; On                 ;
; Remove Redundant Logic Cells                                                    ; Off                ; Off                ;
; Remove Duplicate Registers                                                      ; On                 ; On                 ;
; Ignore CARRY Buffers                                                            ; Off                ; Off                ;
; Ignore CASCADE Buffers                                                          ; Off                ; Off                ;
; Ignore GLOBAL Buffers                                                           ; Off                ; Off                ;
; Ignore ROW GLOBAL Buffers                                                       ; Off                ; Off                ;
; Ignore LCELL Buffers                                                            ; Off                ; Off                ;
; Ignore SOFT Buffers                                                             ; On                 ; On                 ;
; Limit AHDL Integers to 32 Bits                                                  ; Off                ; Off                ;
; Optimization Technique                                                          ; Balanced           ; Balanced           ;
; Carry Chain Length                                                              ; 70                 ; 70                 ;
; Auto Carry Chains                                                               ; On                 ; On                 ;
; Auto Open-Drain Pins                                                            ; On                 ; On                 ;
; Perform WYSIWYG Primitive Resynthesis                                           ; Off                ; Off                ;
; Auto ROM Replacement                                                            ; On                 ; On                 ;
; Auto RAM Replacement                                                            ; On                 ; On                 ;
; Auto DSP Block Replacement                                                      ; On                 ; On                 ;
; Auto Shift Register Replacement                                                 ; Auto               ; Auto               ;
; Allow Shift Register Merging across Hierarchies                                 ; Auto               ; Auto               ;
; Auto Clock Enable Replacement                                                   ; On                 ; On                 ;
; Strict RAM Replacement                                                          ; Off                ; Off                ;
; Allow Synchronous Control Signals                                               ; On                 ; On                 ;
; Force Use of Synchronous Clear Signals                                          ; Off                ; Off                ;
; Auto Resource Sharing                                                           ; Off                ; Off                ;
; Allow Any RAM Size For Recognition                                              ; Off                ; Off                ;
; Allow Any ROM Size For Recognition                                              ; Off                ; Off                ;
; Allow Any Shift Register Size For Recognition                                   ; Off                ; Off                ;
; Use LogicLock Constraints during Resource Balancing                             ; On                 ; On                 ;
; Ignore translate_off and synthesis_off directives                               ; Off                ; Off                ;
; Timing-Driven Synthesis                                                         ; On                 ; On                 ;
; Report Parameter Settings                                                       ; On                 ; On                 ;
; Report Source Assignments                                                       ; On                 ; On                 ;
; Report Connectivity Checks                                                      ; On                 ; On                 ;
; Ignore Maximum Fan-Out Assignments                                              ; Off                ; Off                ;
; Synchronization Register Chain Length                                           ; 3                  ; 3                  ;
; Power Optimization During Synthesis                                             ; Normal compilation ; Normal compilation ;
; HDL message level                                                               ; Level2             ; Level2             ;
; Suppress Register Optimization Related Messages                                 ; Off                ; Off                ;
; Number of Removed Registers Reported in Synthesis Report                        ; 5000               ; 5000               ;
; Number of Swept Nodes Reported in Synthesis Report                              ; 5000               ; 5000               ;
; Number of Inverted Registers Reported in Synthesis Report                       ; 100                ; 100                ;
; Clock MUX Protection                                                            ; On                 ; On                 ;
; Auto Gated Clock Conversion                                                     ; Off                ; Off                ;
; Block Design Naming                                                             ; Auto               ; Auto               ;
; SDC constraint protection                                                       ; Off                ; Off                ;
; Synthesis Effort                                                                ; Auto               ; Auto               ;
; Shift Register Replacement - Allow Asynchronous Clear Signal                    ; On                 ; On                 ;
; Pre-Mapping Resynthesis Optimization                                            ; Off                ; Off                ;
; Analysis & Synthesis Message Level                                              ; Medium             ; Medium             ;
; Disable Register Merging Across Hierarchies                                     ; Auto               ; Auto               ;
; Resource Aware Inference For Block RAM                                          ; On                 ; On                 ;
; Automatic Parallel Synthesis                                                    ; On                 ; On                 ;
; Partial Reconfiguration Bitstream ID                                            ; Off                ; Off                ;
+---------------------------------------------------------------------------------+--------------------+--------------------+


+------------------------------------------+
; Parallel Compilation                     ;
+----------------------------+-------------+
; Processors                 ; Number      ;
+----------------------------+-------------+
; Number detected on machine ; 2           ;
; Maximum allowed            ; 2           ;
;                            ;             ;
; Average used               ; 1.00        ;
; Maximum used               ; 2           ;
;                            ;             ;
; Usage by Processor         ; % Time Used ;
;     Processor 1            ; 100.0%      ;
;     Processor 2            ;   0.0%      ;
+----------------------------+-------------+


+-----------------------------------------------------------------------------------------------------------------------------------------+
; Analysis & Synthesis Source Files Read                                                                                                  ;
+----------------------------------+-----------------+------------------------+-------------------------------------------------+---------+
; File Name with User-Entered Path ; Used in Netlist ; File Type              ; File Name with Absolute Path                    ; Library ;
+----------------------------------+-----------------+------------------------+-------------------------------------------------+---------+
; ../tx_serial_uc.v                ; yes             ; User Verilog HDL File  ; C:/labdig2/experiencia6/tx_serial_uc.v          ;         ;
; ../tx_serial_7E1_fd.v            ; yes             ; User Verilog HDL File  ; C:/labdig2/experiencia6/tx_serial_7E1_fd.v      ;         ;
; ../tx_serial_7E1.v               ; yes             ; User Verilog HDL File  ; C:/labdig2/experiencia6/tx_serial_7E1.v         ;         ;
; ../sonar_uc.v                    ; yes             ; User Verilog HDL File  ; C:/labdig2/experiencia6/sonar_uc.v              ;         ;
; ../sonar_fd.v                    ; yes             ; User Verilog HDL File  ; C:/labdig2/experiencia6/sonar_fd.v              ;         ;
; ../sonar.v                       ; yes             ; User Verilog HDL File  ; C:/labdig2/experiencia6/sonar.v                 ;         ;
; ../rx_serial_uc.v                ; yes             ; User Verilog HDL File  ; C:/labdig2/experiencia6/rx_serial_uc.v          ;         ;
; ../rx_serial_7E1_fd.v            ; yes             ; User Verilog HDL File  ; C:/labdig2/experiencia6/rx_serial_7E1_fd.v      ;         ;
; ../rx_serial_7E1.v               ; yes             ; User Verilog HDL File  ; C:/labdig2/experiencia6/rx_serial_7E1.v         ;         ;
; ../rom_angulos_8x24.v            ; yes             ; User Verilog HDL File  ; C:/labdig2/experiencia6/rom_angulos_8x24.v      ;         ;
; ../registrador_n.v               ; yes             ; User Verilog HDL File  ; C:/labdig2/experiencia6/registrador_n.v         ;         ;
; ../interface_hcsr04_uc.v         ; yes             ; User Verilog HDL File  ; C:/labdig2/experiencia6/interface_hcsr04_uc.v   ;         ;
; ../interface_hcsr04_fd.v         ; yes             ; User Verilog HDL File  ; C:/labdig2/experiencia6/interface_hcsr04_fd.v   ;         ;
; ../interface_hcsr04.v            ; yes             ; User Verilog HDL File  ; C:/labdig2/experiencia6/interface_hcsr04.v      ;         ;
; ../hexa7seg.v                    ; yes             ; User Verilog HDL File  ; C:/labdig2/experiencia6/hexa7seg.v              ;         ;
; ../gerador_pulso.v               ; yes             ; User Verilog HDL File  ; C:/labdig2/experiencia6/gerador_pulso.v         ;         ;
; ../deslocador_n.v                ; yes             ; User Verilog HDL File  ; C:/labdig2/experiencia6/deslocador_n.v          ;         ;
; ../controle_servo_8.v            ; yes             ; User Verilog HDL File  ; C:/labdig2/experiencia6/controle_servo_8.v      ;         ;
; ../contador_m.v                  ; yes             ; User Verilog HDL File  ; C:/labdig2/experiencia6/contador_m.v            ;         ;
; ../contador_endereco.v           ; yes             ; User Verilog HDL File  ; C:/labdig2/experiencia6/contador_endereco.v     ;         ;
; ../contador_cm_uc.v              ; yes             ; User Verilog HDL File  ; C:/labdig2/experiencia6/contador_cm_uc.v        ;         ;
; ../contador_cm_fd.v              ; yes             ; User Verilog HDL File  ; C:/labdig2/experiencia6/contador_cm_fd.v        ;         ;
; ../contador_cm.v                 ; yes             ; User Verilog HDL File  ; C:/labdig2/experiencia6/contador_cm.v           ;         ;
; ../contador_bcd_3digitos.v       ; yes             ; User Verilog HDL File  ; C:/labdig2/experiencia6/contador_bcd_3digitos.v ;         ;
; ../circuito_pwm.v                ; yes             ; User Verilog HDL File  ; C:/labdig2/experiencia6/circuito_pwm.v          ;         ;
+----------------------------------+-----------------+------------------------+-------------------------------------------------+---------+


+-----------------------------------------------------------+
; Analysis & Synthesis Resource Usage Summary               ;
+---------------------------------------------+-------------+
; Resource                                    ; Usage       ;
+---------------------------------------------+-------------+
; Estimate of Logic utilization (ALMs needed) ; 268         ;
;                                             ;             ;
; Combinational ALUT usage for logic          ; 466         ;
;     -- 7 input functions                    ; 5           ;
;     -- 6 input functions                    ; 62          ;
;     -- 5 input functions                    ; 29          ;
;     -- 4 input functions                    ; 123         ;
;     -- <=3 input functions                  ; 247         ;
;                                             ;             ;
; Dedicated logic registers                   ; 274         ;
;                                             ;             ;
; I/O pins                                    ; 64          ;
;                                             ;             ;
; Total DSP Blocks                            ; 0           ;
;                                             ;             ;
; Maximum fan-out node                        ; clock~input ;
; Maximum fan-out                             ; 274         ;
; Total fan-out                               ; 2647        ;
; Average fan-out                             ; 3.05        ;
+---------------------------------------------+-------------+


+------------------------------------------------------------------------------------------------------------------------------------------------------------------------------------------------------------------------------------------------------------------------------------------------------------------------------+
; Analysis & Synthesis Resource Utilization by Entity                                                                                                                                                                                                                                                                          ;
+----------------------------------------------+---------------------+---------------------------+-------------------+------------+------+--------------+-------------------------------------------------------------------------------------------------------------------------------+-----------------------+--------------+
; Compilation Hierarchy Node                   ; Combinational ALUTs ; Dedicated Logic Registers ; Block Memory Bits ; DSP Blocks ; Pins ; Virtual Pins ; Full Hierarchy Name                                                                                                           ; Entity Name           ; Library Name ;
+----------------------------------------------+---------------------+---------------------------+-------------------+------------+------+--------------+-------------------------------------------------------------------------------------------------------------------------------+-----------------------+--------------+
; |sonar                                       ; 466 (33)            ; 274 (0)                   ; 0                 ; 0          ; 64   ; 0            ; |sonar                                                                                                                        ; sonar                 ; work         ;
;    |hexa7seg:HEX0|                           ; 7 (7)               ; 0 (0)                     ; 0                 ; 0          ; 0    ; 0            ; |sonar|hexa7seg:HEX0                                                                                                          ; hexa7seg              ; work         ;
;    |hexa7seg:HEX1|                           ; 7 (7)               ; 0 (0)                     ; 0                 ; 0          ; 0    ; 0            ; |sonar|hexa7seg:HEX1                                                                                                          ; hexa7seg              ; work         ;
;    |hexa7seg:HEX2|                           ; 7 (7)               ; 0 (0)                     ; 0                 ; 0          ; 0    ; 0            ; |sonar|hexa7seg:HEX2                                                                                                          ; hexa7seg              ; work         ;
;    |hexa7seg:HEX3|                           ; 7 (7)               ; 0 (0)                     ; 0                 ; 0          ; 0    ; 0            ; |sonar|hexa7seg:HEX3                                                                                                          ; hexa7seg              ; work         ;
;    |hexa7seg:HEX4|                           ; 7 (7)               ; 0 (0)                     ; 0                 ; 0          ; 0    ; 0            ; |sonar|hexa7seg:HEX4                                                                                                          ; hexa7seg              ; work         ;
;    |hexa7seg:HEX5|                           ; 7 (7)               ; 0 (0)                     ; 0                 ; 0          ; 0    ; 0            ; |sonar|hexa7seg:HEX5                                                                                                          ; hexa7seg              ; work         ;
;    |sonar_fd:fd_sonar|                       ; 361 (15)            ; 255 (1)                   ; 0                 ; 0          ; 0    ; 0            ; |sonar|sonar_fd:fd_sonar                                                                                                      ; sonar_fd              ; work         ;
;       |contador_endereco:U5|                 ; 4 (4)               ; 3 (3)                     ; 0                 ; 0          ; 0    ; 0            ; |sonar|sonar_fd:fd_sonar|contador_endereco:U5                                                                                 ; contador_endereco     ; work         ;
;       |contador_m:U3_tx|                     ; 9 (9)               ; 4 (4)                     ; 0                 ; 0          ; 0    ; 0            ; |sonar|sonar_fd:fd_sonar|contador_m:U3_tx                                                                                     ; contador_m            ; work         ;
;       |contador_m:U4|                        ; 34 (34)             ; 27 (27)                   ; 0                 ; 0          ; 0    ; 0            ; |sonar|sonar_fd:fd_sonar|contador_m:U4                                                                                        ; contador_m            ; work         ;
;       |contador_m:U8|                        ; 33 (33)             ; 26 (26)                   ; 0                 ; 0          ; 0    ; 0            ; |sonar|sonar_fd:fd_sonar|contador_m:U8                                                                                        ; contador_m            ; work         ;
;       |controle_servo_8:U7|                  ; 70 (0)              ; 49 (0)                    ; 0                 ; 0          ; 0    ; 0            ; |sonar|sonar_fd:fd_sonar|controle_servo_8:U7                                                                                  ; controle_servo_8      ; work         ;
;          |circuito_pwm:gera_pwm|             ; 70 (70)             ; 49 (49)                   ; 0                 ; 0          ; 0    ; 0            ; |sonar|sonar_fd:fd_sonar|controle_servo_8:U7|circuito_pwm:gera_pwm                                                            ; circuito_pwm          ; work         ;
;       |interface_hcsr04:U1|                  ; 117 (0)             ; 81 (0)                    ; 0                 ; 0          ; 0    ; 0            ; |sonar|sonar_fd:fd_sonar|interface_hcsr04:U1                                                                                  ; interface_hcsr04      ; work         ;
;          |interface_hcsr04_fd:U2|            ; 110 (0)             ; 74 (0)                    ; 0                 ; 0          ; 0    ; 0            ; |sonar|sonar_fd:fd_sonar|interface_hcsr04:U1|interface_hcsr04_fd:U2                                                           ; interface_hcsr04_fd   ; work         ;
;             |contador_cm:U2|                 ; 36 (0)              ; 27 (0)                    ; 0                 ; 0          ; 0    ; 0            ; |sonar|sonar_fd:fd_sonar|interface_hcsr04:U1|interface_hcsr04_fd:U2|contador_cm:U2                                            ; contador_cm           ; work         ;
;                |contador_cm_fd:FD|           ; 33 (0)              ; 24 (0)                    ; 0                 ; 0          ; 0    ; 0            ; |sonar|sonar_fd:fd_sonar|interface_hcsr04:U1|interface_hcsr04_fd:U2|contador_cm:U2|contador_cm_fd:FD                          ; contador_cm_fd        ; work         ;
;                   |contador_bcd_3digitos:U2| ; 17 (17)             ; 12 (12)                   ; 0                 ; 0          ; 0    ; 0            ; |sonar|sonar_fd:fd_sonar|interface_hcsr04:U1|interface_hcsr04_fd:U2|contador_cm:U2|contador_cm_fd:FD|contador_bcd_3digitos:U2 ; contador_bcd_3digitos ; work         ;
;                   |contador_m:U1|            ; 16 (16)             ; 12 (12)                   ; 0                 ; 0          ; 0    ; 0            ; |sonar|sonar_fd:fd_sonar|interface_hcsr04:U1|interface_hcsr04_fd:U2|contador_cm:U2|contador_cm_fd:FD|contador_m:U1            ; contador_m            ; work         ;
;                |contador_cm_uc:UC|           ; 3 (3)               ; 3 (3)                     ; 0                 ; 0          ; 0    ; 0            ; |sonar|sonar_fd:fd_sonar|interface_hcsr04:U1|interface_hcsr04_fd:U2|contador_cm:U2|contador_cm_uc:UC                          ; contador_cm_uc        ; work         ;
;             |gerador_pulso:U1|               ; 74 (74)             ; 35 (35)                   ; 0                 ; 0          ; 0    ; 0            ; |sonar|sonar_fd:fd_sonar|interface_hcsr04:U1|interface_hcsr04_fd:U2|gerador_pulso:U1                                          ; gerador_pulso         ; work         ;
;             |registrador_n:U3|               ; 0 (0)               ; 12 (12)                   ; 0                 ; 0          ; 0    ; 0            ; |sonar|sonar_fd:fd_sonar|interface_hcsr04:U1|interface_hcsr04_fd:U2|registrador_n:U3                                          ; registrador_n         ; work         ;
;          |interface_hcsr04_uc:U1|            ; 7 (7)               ; 7 (7)                     ; 0                 ; 0          ; 0    ; 0            ; |sonar|sonar_fd:fd_sonar|interface_hcsr04:U1|interface_hcsr04_uc:U1                                                           ; interface_hcsr04_uc   ; work         ;
;       |rom_angulos_8x24:U6|                  ; 1 (1)               ; 0 (0)                     ; 0                 ; 0          ; 0    ; 0            ; |sonar|sonar_fd:fd_sonar|rom_angulos_8x24:U6                                                                                  ; rom_angulos_8x24      ; work         ;
;       |rx_serial_7E1:U0_rx|                  ; 44 (2)              ; 36 (0)                    ; 0                 ; 0          ; 0    ; 0            ; |sonar|sonar_fd:fd_sonar|rx_serial_7E1:U0_rx                                                                                  ; rx_serial_7E1         ; work         ;
;          |contador_m:U3_TICK|                ; 13 (13)             ; 9 (9)                     ; 0                 ; 0          ; 0    ; 0            ; |sonar|sonar_fd:fd_sonar|rx_serial_7E1:U0_rx|contador_m:U3_TICK                                                               ; contador_m            ; work         ;
;          |rx_serial_7E1_fd:U1_FD|            ; 23 (0)              ; 21 (0)                    ; 0                 ; 0          ; 0    ; 0            ; |sonar|sonar_fd:fd_sonar|rx_serial_7E1:U0_rx|rx_serial_7E1_fd:U1_FD                                                           ; rx_serial_7E1_fd      ; work         ;
;             |contador_m:CONT|                ; 6 (6)               ; 4 (4)                     ; 0                 ; 0          ; 0    ; 0            ; |sonar|sonar_fd:fd_sonar|rx_serial_7E1:U0_rx|rx_serial_7E1_fd:U1_FD|contador_m:CONT                                           ; contador_m            ; work         ;
;             |deslocador_n:DESL|              ; 9 (9)               ; 9 (9)                     ; 0                 ; 0          ; 0    ; 0            ; |sonar|sonar_fd:fd_sonar|rx_serial_7E1:U0_rx|rx_serial_7E1_fd:U1_FD|deslocador_n:DESL                                         ; deslocador_n          ; work         ;
;             |registrador_n:REG|              ; 8 (8)               ; 8 (8)                     ; 0                 ; 0          ; 0    ; 0            ; |sonar|sonar_fd:fd_sonar|rx_serial_7E1:U0_rx|rx_serial_7E1_fd:U1_FD|registrador_n:REG                                         ; registrador_n         ; work         ;
;          |rx_serial_uc:U2_UC|                ; 6 (6)               ; 6 (6)                     ; 0                 ; 0          ; 0    ; 0            ; |sonar|sonar_fd:fd_sonar|rx_serial_7E1:U0_rx|rx_serial_uc:U2_UC                                                               ; rx_serial_uc          ; work         ;
;       |tx_serial_7E1:U2|                     ; 34 (0)              ; 28 (0)                    ; 0                 ; 0          ; 0    ; 0            ; |sonar|sonar_fd:fd_sonar|tx_serial_7E1:U2                                                                                     ; tx_serial_7E1         ; work         ;
;          |contador_m:U3_TICK|                ; 12 (12)             ; 9 (9)                     ; 0                 ; 0          ; 0    ; 0            ; |sonar|sonar_fd:fd_sonar|tx_serial_7E1:U2|contador_m:U3_TICK                                                                  ; contador_m            ; work         ;
;          |tx_serial_7E1_fd:U1_FD|            ; 17 (1)              ; 14 (0)                    ; 0                 ; 0          ; 0    ; 0            ; |sonar|sonar_fd:fd_sonar|tx_serial_7E1:U2|tx_serial_7E1_fd:U1_FD                                                              ; tx_serial_7E1_fd      ; work         ;
;             |contador_m:U2|                  ; 5 (5)               ; 4 (4)                     ; 0                 ; 0          ; 0    ; 0            ; |sonar|sonar_fd:fd_sonar|tx_serial_7E1:U2|tx_serial_7E1_fd:U1_FD|contador_m:U2                                                ; contador_m            ; work         ;
;             |deslocador_n:U1|                ; 11 (11)             ; 10 (10)                   ; 0                 ; 0          ; 0    ; 0            ; |sonar|sonar_fd:fd_sonar|tx_serial_7E1:U2|tx_serial_7E1_fd:U1_FD|deslocador_n:U1                                              ; deslocador_n          ; work         ;
;          |tx_serial_uc:U2_UC|                ; 5 (5)               ; 5 (5)                     ; 0                 ; 0          ; 0    ; 0            ; |sonar|sonar_fd:fd_sonar|tx_serial_7E1:U2|tx_serial_uc:U2_UC                                                                  ; tx_serial_uc          ; work         ;
;    |sonar_uc:uc_sonar|                       ; 30 (30)             ; 19 (19)                   ; 0                 ; 0          ; 0    ; 0            ; |sonar|sonar_uc:uc_sonar                                                                                                      ; sonar_uc              ; work         ;
+----------------------------------------------+---------------------+---------------------------+-------------------+------------+------+--------------+-------------------------------------------------------------------------------------------------------------------------------+-----------------------+--------------+
Note: For table entries with two numbers listed, the numbers in parentheses indicate the number of resources of the given type used by the specific entity alone. The numbers listed outside of parentheses indicate the total resources of the given type used by the specific entity and all of its sub-entities in the hierarchy.


Encoding Type:  One-Hot
+----------------------------------------------------------------------------------------------------------------+
; State Machine - |sonar|sonar_fd:fd_sonar|tx_serial_7E1:U2|tx_serial_uc:U2_UC|Eatual                            ;
+--------------------+--------------------+---------------+-------------------+-----------------+----------------+
; Name               ; Eatual.transmissao ; Eatual.espera ; Eatual.preparacao ; Eatual.final_tx ; Eatual.inicial ;
+--------------------+--------------------+---------------+-------------------+-----------------+----------------+
; Eatual.inicial     ; 0                  ; 0             ; 0                 ; 0               ; 0              ;
; Eatual.preparacao  ; 0                  ; 0             ; 1                 ; 0               ; 1              ;
; Eatual.espera      ; 0                  ; 1             ; 0                 ; 0               ; 1              ;
; Eatual.transmissao ; 1                  ; 0             ; 0                 ; 0               ; 1              ;
; Eatual.final_tx    ; 0                  ; 0             ; 0                 ; 1               ; 1              ;
+--------------------+--------------------+---------------+-------------------+-----------------+----------------+


Encoding Type:  One-Hot
+-----------------------------------------------------------------------------------------------------------------------------+
; State Machine - |sonar|sonar_fd:fd_sonar|interface_hcsr04:U1|interface_hcsr04_fd:U2|contador_cm:U2|contador_cm_uc:UC|Eatual ;
+---------------------+---------------------+-----------------+---------------+-----------------------------------------------+
; Name                ; Eatual.estado_final ; Eatual.contagem ; Eatual.espera ; Eatual.inicial                                ;
+---------------------+---------------------+-----------------+---------------+-----------------------------------------------+
; Eatual.inicial      ; 0                   ; 0               ; 0             ; 0                                             ;
; Eatual.espera       ; 0                   ; 0               ; 1             ; 1                                             ;
; Eatual.contagem     ; 0                   ; 1               ; 0             ; 1                                             ;
; Eatual.estado_final ; 1                   ; 0               ; 0             ; 1                                             ;
+---------------------+---------------------+-----------------+---------------+-----------------------------------------------+


Encoding Type:  One-Hot
+-----------------------------------------------------------------------------------------------------------------+
; State Machine - |sonar|sonar_fd:fd_sonar|interface_hcsr04:U1|interface_hcsr04_fd:U2|gerador_pulso:U1|reg_estado ;
+------------------------+-------------------+------------------------+-------------------------------------------+
; Name                   ; reg_estado.parado ; reg_estado.final_pulso ; reg_estado.contagem                       ;
+------------------------+-------------------+------------------------+-------------------------------------------+
; reg_estado.parado      ; 0                 ; 0                      ; 0                                         ;
; reg_estado.contagem    ; 1                 ; 0                      ; 1                                         ;
; reg_estado.final_pulso ; 1                 ; 1                      ; 0                                         ;
+------------------------+-------------------+------------------------+-------------------------------------------+


Encoding Type:  One-Hot
+--------------------------------------------------------------------------------------------------------------------------------------------------------------------+
; State Machine - |sonar|sonar_fd:fd_sonar|interface_hcsr04:U1|interface_hcsr04_uc:U1|Eatual                                                                         ;
+----------------------+---------------------+----------------------+---------------+--------------------+----------------------+-------------------+----------------+
; Name                 ; Eatual.final_medida ; Eatual.armazenamento ; Eatual.medida ; Eatual.espera_echo ; Eatual.envia_trigger ; Eatual.preparacao ; Eatual.inicial ;
+----------------------+---------------------+----------------------+---------------+--------------------+----------------------+-------------------+----------------+
; Eatual.inicial       ; 0                   ; 0                    ; 0             ; 0                  ; 0                    ; 0                 ; 0              ;
; Eatual.preparacao    ; 0                   ; 0                    ; 0             ; 0                  ; 0                    ; 1                 ; 1              ;
; Eatual.envia_trigger ; 0                   ; 0                    ; 0             ; 0                  ; 1                    ; 0                 ; 1              ;
; Eatual.espera_echo   ; 0                   ; 0                    ; 0             ; 1                  ; 0                    ; 0                 ; 1              ;
; Eatual.medida        ; 0                   ; 0                    ; 1             ; 0                  ; 0                    ; 0                 ; 1              ;
; Eatual.armazenamento ; 0                   ; 1                    ; 0             ; 0                  ; 0                    ; 0                 ; 1              ;
; Eatual.final_medida  ; 1                   ; 0                    ; 0             ; 0                  ; 0                    ; 0                 ; 1              ;
+----------------------+---------------------+----------------------+---------------+--------------------+----------------------+-------------------+----------------+


Encoding Type:  One-Hot
+-------------------------------------------------------------------------------------------------------------------------------+
; State Machine - |sonar|sonar_fd:fd_sonar|rx_serial_7E1:U0_rx|rx_serial_uc:U2_UC|Eatual                                        ;
+-------------------+-----------------+------------------+-----------------+---------------+-------------------+----------------+
; Name              ; Eatual.final_rx ; Eatual.registrar ; Eatual.recepcao ; Eatual.espera ; Eatual.preparacao ; Eatual.inicial ;
+-------------------+-----------------+------------------+-----------------+---------------+-------------------+----------------+
; Eatual.inicial    ; 0               ; 0                ; 0               ; 0             ; 0                 ; 0              ;
; Eatual.preparacao ; 0               ; 0                ; 0               ; 0             ; 1                 ; 1              ;
; Eatual.espera     ; 0               ; 0                ; 0               ; 1             ; 0                 ; 1              ;
; Eatual.recepcao   ; 0               ; 0                ; 1               ; 0             ; 0                 ; 1              ;
; Eatual.registrar  ; 0               ; 1                ; 0               ; 0             ; 0                 ; 1              ;
; Eatual.final_rx   ; 1               ; 0                ; 0               ; 0             ; 0                 ; 1              ;
+-------------------+-----------------+------------------+-----------------+---------------+-------------------+----------------+


Encoding Type:  One-Hot
+----------------------------------------------------------------------------------------------------------------------------------------------------------------------------------------------------------------------------------------------------------------------------------------------------------------------------------------------------------------------------------------------------------------------------------------------------------------------------------------------------------------------------------------------------------------------------------------------------------------------------------------------------------------------------------------------------------------------+
; State Machine - |sonar|sonar_uc:uc_sonar|estado_atual                                                                                                                                                                                                                                                                                                                                                                                                                                                                                                                                                                                                                                                                ;
+--------------------------------------+-------------------------------------+----------------------------------+---------------------------------+----------------------------------+-------------------------------------+--------------------------------------+--------------------------------+-------------------------------------+------------------------------+------------------------------------+---------------------------------+--------------------------------+---------------------------------+------------------------------------+-------------------------------------+-------------------------------+------------------------------------+-----------------------------+----------------------+
; Name                                 ; estado_atual.atencao_mantem_posicao ; estado_atual.atencao_decide_modo ; estado_atual.atencao_aguarda_2s ; estado_atual.atencao_verifica_tx ; estado_atual.atencao_espera_tx_alto ; estado_atual.atencao_espera_tx_baixo ; estado_atual.atencao_inicia_tx ; estado_atual.atencao_aguarda_medida ; estado_atual.atencao_prepara ; estado_atual.normal_avanca_posicao ; estado_atual.normal_decide_modo ; estado_atual.normal_aguarda_2s ; estado_atual.normal_verifica_tx ; estado_atual.normal_espera_tx_alto ; estado_atual.normal_espera_tx_baixo ; estado_atual.normal_inicia_tx ; estado_atual.normal_aguarda_medida ; estado_atual.normal_prepara ; estado_atual.inicial ;
+--------------------------------------+-------------------------------------+----------------------------------+---------------------------------+----------------------------------+-------------------------------------+--------------------------------------+--------------------------------+-------------------------------------+------------------------------+------------------------------------+---------------------------------+--------------------------------+---------------------------------+------------------------------------+-------------------------------------+-------------------------------+------------------------------------+-----------------------------+----------------------+
; estado_atual.inicial                 ; 0                                   ; 0                                ; 0                               ; 0                                ; 0                                   ; 0                                    ; 0                              ; 0                                   ; 0                            ; 0                                  ; 0                               ; 0                              ; 0                               ; 0                                  ; 0                                   ; 0                             ; 0                                  ; 0                           ; 0                    ;
; estado_atual.normal_prepara          ; 0                                   ; 0                                ; 0                               ; 0                                ; 0                                   ; 0                                    ; 0                              ; 0                                   ; 0                            ; 0                                  ; 0                               ; 0                              ; 0                               ; 0                                  ; 0                                   ; 0                             ; 0                                  ; 1                           ; 1                    ;
; estado_atual.normal_aguarda_medida   ; 0                                   ; 0                                ; 0                               ; 0                                ; 0                                   ; 0                                    ; 0                              ; 0                                   ; 0                            ; 0                                  ; 0                               ; 0                              ; 0                               ; 0                                  ; 0                                   ; 0                             ; 1                                  ; 0                           ; 1                    ;
; estado_atual.normal_inicia_tx        ; 0                                   ; 0                                ; 0                               ; 0                                ; 0                                   ; 0                                    ; 0                              ; 0                                   ; 0                            ; 0                                  ; 0                               ; 0                              ; 0                               ; 0                                  ; 0                                   ; 1                             ; 0                                  ; 0                           ; 1                    ;
; estado_atual.normal_espera_tx_baixo  ; 0                                   ; 0                                ; 0                               ; 0                                ; 0                                   ; 0                                    ; 0                              ; 0                                   ; 0                            ; 0                                  ; 0                               ; 0                              ; 0                               ; 0                                  ; 1                                   ; 0                             ; 0                                  ; 0                           ; 1                    ;
; estado_atual.normal_espera_tx_alto   ; 0                                   ; 0                                ; 0                               ; 0                                ; 0                                   ; 0                                    ; 0                              ; 0                                   ; 0                            ; 0                                  ; 0                               ; 0                              ; 0                               ; 1                                  ; 0                                   ; 0                             ; 0                                  ; 0                           ; 1                    ;
; estado_atual.normal_verifica_tx      ; 0                                   ; 0                                ; 0                               ; 0                                ; 0                                   ; 0                                    ; 0                              ; 0                                   ; 0                            ; 0                                  ; 0                               ; 0                              ; 1                               ; 0                                  ; 0                                   ; 0                             ; 0                                  ; 0                           ; 1                    ;
; estado_atual.normal_aguarda_2s       ; 0                                   ; 0                                ; 0                               ; 0                                ; 0                                   ; 0                                    ; 0                              ; 0                                   ; 0                            ; 0                                  ; 0                               ; 1                              ; 0                               ; 0                                  ; 0                                   ; 0                             ; 0                                  ; 0                           ; 1                    ;
; estado_atual.normal_decide_modo      ; 0                                   ; 0                                ; 0                               ; 0                                ; 0                                   ; 0                                    ; 0                              ; 0                                   ; 0                            ; 0                                  ; 1                               ; 0                              ; 0                               ; 0                                  ; 0                                   ; 0                             ; 0                                  ; 0                           ; 1                    ;
; estado_atual.normal_avanca_posicao   ; 0                                   ; 0                                ; 0                               ; 0                                ; 0                                   ; 0                                    ; 0                              ; 0                                   ; 0                            ; 1                                  ; 0                               ; 0                              ; 0                               ; 0                                  ; 0                                   ; 0                             ; 0                                  ; 0                           ; 1                    ;
; estado_atual.atencao_prepara         ; 0                                   ; 0                                ; 0                               ; 0                                ; 0                                   ; 0                                    ; 0                              ; 0                                   ; 1                            ; 0                                  ; 0                               ; 0                              ; 0                               ; 0                                  ; 0                                   ; 0                             ; 0                                  ; 0                           ; 1                    ;
; estado_atual.atencao_aguarda_medida  ; 0                                   ; 0                                ; 0                               ; 0                                ; 0                                   ; 0                                    ; 0                              ; 1                                   ; 0                            ; 0                                  ; 0                               ; 0                              ; 0                               ; 0                                  ; 0                                   ; 0                             ; 0                                  ; 0                           ; 1                    ;
; estado_atual.atencao_inicia_tx       ; 0                                   ; 0                                ; 0                               ; 0                                ; 0                                   ; 0                                    ; 1                              ; 0                                   ; 0                            ; 0                                  ; 0                               ; 0                              ; 0                               ; 0                                  ; 0                                   ; 0                             ; 0                                  ; 0                           ; 1                    ;
; estado_atual.atencao_espera_tx_baixo ; 0                                   ; 0                                ; 0                               ; 0                                ; 0                                   ; 1                                    ; 0                              ; 0                                   ; 0                            ; 0                                  ; 0                               ; 0                              ; 0                               ; 0                                  ; 0                                   ; 0                             ; 0                                  ; 0                           ; 1                    ;
; estado_atual.atencao_espera_tx_alto  ; 0                                   ; 0                                ; 0                               ; 0                                ; 1                                   ; 0                                    ; 0                              ; 0                                   ; 0                            ; 0                                  ; 0                               ; 0                              ; 0                               ; 0                                  ; 0                                   ; 0                             ; 0                                  ; 0                           ; 1                    ;
; estado_atual.atencao_verifica_tx     ; 0                                   ; 0                                ; 0                               ; 1                                ; 0                                   ; 0                                    ; 0                              ; 0                                   ; 0                            ; 0                                  ; 0                               ; 0                              ; 0                               ; 0                                  ; 0                                   ; 0                             ; 0                                  ; 0                           ; 1                    ;
; estado_atual.atencao_aguarda_2s      ; 0                                   ; 0                                ; 1                               ; 0                                ; 0                                   ; 0                                    ; 0                              ; 0                                   ; 0                            ; 0                                  ; 0                               ; 0                              ; 0                               ; 0                                  ; 0                                   ; 0                             ; 0                                  ; 0                           ; 1                    ;
; estado_atual.atencao_decide_modo     ; 0                                   ; 1                                ; 0                               ; 0                                ; 0                                   ; 0                                    ; 0                              ; 0                                   ; 0                            ; 0                                  ; 0                               ; 0                              ; 0                               ; 0                                  ; 0                                   ; 0                             ; 0                                  ; 0                           ; 1                    ;
; estado_atual.atencao_mantem_posicao  ; 1                                   ; 0                                ; 0                               ; 0                                ; 0                                   ; 0                                    ; 0                              ; 0                                   ; 0                            ; 0                                  ; 0                               ; 0                              ; 0                               ; 0                                  ; 0                                   ; 0                             ; 0                                  ; 0                           ; 1                    ;
+--------------------------------------+-------------------------------------+----------------------------------+---------------------------------+----------------------------------+-------------------------------------+--------------------------------------+--------------------------------+-------------------------------------+------------------------------+------------------------------------+---------------------------------+--------------------------------+---------------------------------+------------------------------------+-------------------------------------+-------------------------------+------------------------------------+-----------------------------+----------------------+


+------------------------------------------------------------------------------------------------------------------------------------------------------+
; Registers Removed During Synthesis                                                                                                                   ;
+-------------------------------------------------------------------------------------------------------------+----------------------------------------+
; Register name                                                                                               ; Reason for Removal                     ;
+-------------------------------------------------------------------------------------------------------------+----------------------------------------+
; sonar_fd:fd_sonar|controle_servo_8:U7|circuito_pwm:gera_pwm|largura_pwm[0,17..31]                           ; Stuck at GND due to stuck port data_in ;
; sonar_fd:fd_sonar|tx_serial_7E1:U2|tx_serial_7E1_fd:U1_FD|deslocador_n:U1|IQ[10]                            ; Stuck at VCC due to stuck port data_in ;
; sonar_fd:fd_sonar|interface_hcsr04:U1|interface_hcsr04_fd:U2|contador_cm:U2|contador_cm_uc:UC|Eatual.espera ; Lost fanout                            ;
; sonar_fd:fd_sonar|tx_serial_7E1:U2|tx_serial_uc:U2_UC|Eatual~5                                              ; Lost fanout                            ;
; sonar_fd:fd_sonar|tx_serial_7E1:U2|tx_serial_uc:U2_UC|Eatual~6                                              ; Lost fanout                            ;
; sonar_fd:fd_sonar|interface_hcsr04:U1|interface_hcsr04_fd:U2|contador_cm:U2|contador_cm_uc:UC|Eatual~4      ; Lost fanout                            ;
; sonar_fd:fd_sonar|interface_hcsr04:U1|interface_hcsr04_fd:U2|contador_cm:U2|contador_cm_uc:UC|Eatual~5      ; Lost fanout                            ;
; sonar_fd:fd_sonar|interface_hcsr04:U1|interface_hcsr04_fd:U2|contador_cm:U2|contador_cm_uc:UC|Eatual~6      ; Lost fanout                            ;
; sonar_fd:fd_sonar|interface_hcsr04:U1|interface_hcsr04_uc:U1|Eatual~4                                       ; Lost fanout                            ;
; sonar_fd:fd_sonar|interface_hcsr04:U1|interface_hcsr04_uc:U1|Eatual~5                                       ; Lost fanout                            ;
; sonar_fd:fd_sonar|interface_hcsr04:U1|interface_hcsr04_uc:U1|Eatual~6                                       ; Lost fanout                            ;
; sonar_fd:fd_sonar|rx_serial_7E1:U0_rx|rx_serial_uc:U2_UC|Eatual~4                                           ; Lost fanout                            ;
; sonar_fd:fd_sonar|rx_serial_7E1:U0_rx|rx_serial_uc:U2_UC|Eatual~5                                           ; Lost fanout                            ;
; sonar_fd:fd_sonar|rx_serial_7E1:U0_rx|rx_serial_uc:U2_UC|Eatual~6                                           ; Lost fanout                            ;
; sonar_fd:fd_sonar|rx_serial_7E1:U0_rx|rx_serial_uc:U2_UC|Eatual~7                                           ; Lost fanout                            ;
; sonar_uc:uc_sonar|estado_atual~4                                                                            ; Lost fanout                            ;
; sonar_uc:uc_sonar|estado_atual~5                                                                            ; Lost fanout                            ;
; sonar_uc:uc_sonar|estado_atual~6                                                                            ; Lost fanout                            ;
; sonar_uc:uc_sonar|estado_atual~7                                                                            ; Lost fanout                            ;
; sonar_uc:uc_sonar|estado_atual~8                                                                            ; Lost fanout                            ;
; Total Number of Removed Registers = 35                                                                      ;                                        ;
+-------------------------------------------------------------------------------------------------------------+----------------------------------------+


+------------------------------------------------------+
; General Register Statistics                          ;
+----------------------------------------------+-------+
; Statistic                                    ; Value ;
+----------------------------------------------+-------+
; Total registers                              ; 274   ;
; Number of registers using Synchronous Clear  ; 125   ;
; Number of registers using Synchronous Load   ; 0     ;
; Number of registers using Asynchronous Clear ; 168   ;
; Number of registers using Asynchronous Load  ; 0     ;
; Number of registers using Clock Enable       ; 120   ;
; Number of registers using Preset             ; 0     ;
+----------------------------------------------+-------+


+-------------------------------------------------------------------------------------------------+
; Inverted Register Statistics                                                                    ;
+---------------------------------------------------------------------------------------+---------+
; Inverted Register                                                                     ; Fan out ;
+---------------------------------------------------------------------------------------+---------+
; sonar_fd:fd_sonar|tx_serial_7E1:U2|tx_serial_7E1_fd:U1_FD|deslocador_n:U1|IQ[0]       ; 2       ;
; sonar_fd:fd_sonar|controle_servo_8:U7|circuito_pwm:gera_pwm|largura_pwm[15]           ; 2       ;
; sonar_fd:fd_sonar|controle_servo_8:U7|circuito_pwm:gera_pwm|largura_pwm[11]           ; 2       ;
; sonar_fd:fd_sonar|controle_servo_8:U7|circuito_pwm:gera_pwm|largura_pwm[4]            ; 1       ;
; sonar_fd:fd_sonar|controle_servo_8:U7|circuito_pwm:gera_pwm|largura_pwm[3]            ; 1       ;
; sonar_fd:fd_sonar|controle_servo_8:U7|circuito_pwm:gera_pwm|largura_pwm[7]            ; 2       ;
; sonar_fd:fd_sonar|controle_servo_8:U7|circuito_pwm:gera_pwm|largura_pwm[5]            ; 2       ;
; sonar_fd:fd_sonar|tx_serial_7E1:U2|tx_serial_7E1_fd:U1_FD|deslocador_n:U1|IQ[1]       ; 1       ;
; sonar_fd:fd_sonar|rx_serial_7E1:U0_rx|rx_serial_7E1_fd:U1_FD|deslocador_n:DESL|IQ[2]  ; 1       ;
; sonar_fd:fd_sonar|rx_serial_7E1:U0_rx|rx_serial_7E1_fd:U1_FD|deslocador_n:DESL|IQ[3]  ; 2       ;
; sonar_fd:fd_sonar|rx_serial_7E1:U0_rx|rx_serial_7E1_fd:U1_FD|deslocador_n:DESL|IQ[4]  ; 2       ;
; sonar_fd:fd_sonar|rx_serial_7E1:U0_rx|rx_serial_7E1_fd:U1_FD|deslocador_n:DESL|IQ[5]  ; 2       ;
; sonar_fd:fd_sonar|rx_serial_7E1:U0_rx|rx_serial_7E1_fd:U1_FD|deslocador_n:DESL|IQ[6]  ; 2       ;
; sonar_fd:fd_sonar|rx_serial_7E1:U0_rx|rx_serial_7E1_fd:U1_FD|deslocador_n:DESL|IQ[7]  ; 2       ;
; sonar_fd:fd_sonar|rx_serial_7E1:U0_rx|rx_serial_7E1_fd:U1_FD|deslocador_n:DESL|IQ[8]  ; 2       ;
; sonar_fd:fd_sonar|rx_serial_7E1:U0_rx|rx_serial_7E1_fd:U1_FD|deslocador_n:DESL|IQ[9]  ; 2       ;
; sonar_fd:fd_sonar|tx_serial_7E1:U2|tx_serial_7E1_fd:U1_FD|deslocador_n:U1|IQ[2]       ; 1       ;
; sonar_fd:fd_sonar|rx_serial_7E1:U0_rx|rx_serial_7E1_fd:U1_FD|deslocador_n:DESL|IQ[10] ; 1       ;
; sonar_fd:fd_sonar|tx_serial_7E1:U2|tx_serial_7E1_fd:U1_FD|deslocador_n:U1|IQ[3]       ; 1       ;
; sonar_fd:fd_sonar|tx_serial_7E1:U2|tx_serial_7E1_fd:U1_FD|deslocador_n:U1|IQ[4]       ; 1       ;
; sonar_fd:fd_sonar|tx_serial_7E1:U2|tx_serial_7E1_fd:U1_FD|deslocador_n:U1|IQ[5]       ; 1       ;
; sonar_fd:fd_sonar|tx_serial_7E1:U2|tx_serial_7E1_fd:U1_FD|deslocador_n:U1|IQ[6]       ; 1       ;
; sonar_fd:fd_sonar|tx_serial_7E1:U2|tx_serial_7E1_fd:U1_FD|deslocador_n:U1|IQ[7]       ; 1       ;
; sonar_fd:fd_sonar|tx_serial_7E1:U2|tx_serial_7E1_fd:U1_FD|deslocador_n:U1|IQ[8]       ; 1       ;
; sonar_fd:fd_sonar|tx_serial_7E1:U2|tx_serial_7E1_fd:U1_FD|deslocador_n:U1|IQ[9]       ; 1       ;
; Total number of inverted registers = 25                                               ;         ;
+---------------------------------------------------------------------------------------+---------+


+-------------------------------------------------------------------------------------------------------------------------------------------------------------------------------------------------------------------------------------------------------+
; Multiplexer Restructuring Statistics (Restructuring Performed)                                                                                                                                                                                        ;
+--------------------+-----------+---------------+----------------------+------------------------+------------+-----------------------------------------------------------------------------------------------------------------------------------------+
; Multiplexer Inputs ; Bus Width ; Baseline Area ; Area if Restructured ; Saving if Restructured ; Registered ; Example Multiplexer Output                                                                                                              ;
+--------------------+-----------+---------------+----------------------+------------------------+------------+-----------------------------------------------------------------------------------------------------------------------------------------+
; 3:1                ; 27 bits   ; 54 LEs        ; 0 LEs                ; 54 LEs                 ; Yes        ; |sonar|sonar_fd:fd_sonar|contador_m:U4|Q[9]                                                                                             ;
; 3:1                ; 9 bits    ; 18 LEs        ; 0 LEs                ; 18 LEs                 ; Yes        ; |sonar|sonar_fd:fd_sonar|tx_serial_7E1:U2|contador_m:U3_TICK|Q[1]                                                                       ;
; 3:1                ; 9 bits    ; 18 LEs        ; 0 LEs                ; 18 LEs                 ; Yes        ; |sonar|sonar_fd:fd_sonar|rx_serial_7E1:U0_rx|contador_m:U3_TICK|Q[2]                                                                    ;
; 4:1                ; 4 bits    ; 8 LEs         ; 8 LEs                ; 0 LEs                  ; Yes        ; |sonar|sonar_fd:fd_sonar|contador_m:U3_tx|Q[2]                                                                                          ;
; 4:1                ; 26 bits   ; 52 LEs        ; 0 LEs                ; 52 LEs                 ; Yes        ; |sonar|sonar_fd:fd_sonar|contador_m:U8|Q[1]                                                                                             ;
; 4:1                ; 4 bits    ; 8 LEs         ; 8 LEs                ; 0 LEs                  ; Yes        ; |sonar|sonar_fd:fd_sonar|tx_serial_7E1:U2|tx_serial_7E1_fd:U1_FD|contador_m:U2|Q[1]                                                     ;
; 4:1                ; 4 bits    ; 8 LEs         ; 8 LEs                ; 0 LEs                  ; Yes        ; |sonar|sonar_fd:fd_sonar|rx_serial_7E1:U0_rx|rx_serial_7E1_fd:U1_FD|contador_m:CONT|Q[0]                                                ;
; 4:1                ; 3 bits    ; 6 LEs         ; 6 LEs                ; 0 LEs                  ; Yes        ; |sonar|sonar_fd:fd_sonar|contador_endereco:U5|endereco[1]                                                                               ;
; 4:1                ; 4 bits    ; 8 LEs         ; 8 LEs                ; 0 LEs                  ; Yes        ; |sonar|sonar_fd:fd_sonar|interface_hcsr04:U1|interface_hcsr04_fd:U2|contador_cm:U2|contador_cm_fd:FD|contador_bcd_3digitos:U2|s_dig0[0] ;
; 4:1                ; 12 bits   ; 24 LEs        ; 0 LEs                ; 24 LEs                 ; Yes        ; |sonar|sonar_fd:fd_sonar|interface_hcsr04:U1|interface_hcsr04_fd:U2|contador_cm:U2|contador_cm_fd:FD|contador_m:U1|Q[7]                 ;
; 4:1                ; 4 bits    ; 8 LEs         ; 8 LEs                ; 0 LEs                  ; Yes        ; |sonar|sonar_fd:fd_sonar|interface_hcsr04:U1|interface_hcsr04_fd:U2|contador_cm:U2|contador_cm_fd:FD|contador_bcd_3digitos:U2|s_dig1[1] ;
; 4:1                ; 4 bits    ; 8 LEs         ; 8 LEs                ; 0 LEs                  ; Yes        ; |sonar|sonar_fd:fd_sonar|interface_hcsr04:U1|interface_hcsr04_fd:U2|contador_cm:U2|contador_cm_fd:FD|contador_bcd_3digitos:U2|s_dig2[2] ;
; 3:1                ; 4 bits    ; 8 LEs         ; 4 LEs                ; 4 LEs                  ; Yes        ; |sonar|sonar_fd:fd_sonar|tx_serial_7E1:U2|tx_serial_7E1_fd:U1_FD|deslocador_n:U1|IQ[8]                                                  ;
; 3:1                ; 6 bits    ; 12 LEs        ; 6 LEs                ; 6 LEs                  ; Yes        ; |sonar|sonar_fd:fd_sonar|tx_serial_7E1:U2|tx_serial_7E1_fd:U1_FD|deslocador_n:U1|IQ[3]                                                  ;
; 3:1                ; 9 bits    ; 18 LEs        ; 9 LEs                ; 9 LEs                  ; Yes        ; |sonar|sonar_fd:fd_sonar|rx_serial_7E1:U0_rx|rx_serial_7E1_fd:U1_FD|deslocador_n:DESL|IQ[4]                                             ;
; 4:1                ; 2 bits    ; 4 LEs         ; 4 LEs                ; 0 LEs                  ; No         ; |sonar|Mux0                                                                                                                             ;
; 4:1                ; 2 bits    ; 4 LEs         ; 4 LEs                ; 0 LEs                  ; No         ; |sonar|Mux5                                                                                                                             ;
; 4:1                ; 6 bits    ; 12 LEs        ; 12 LEs               ; 0 LEs                  ; No         ; |sonar|Mux24                                                                                                                            ;
; 4:1                ; 2 bits    ; 4 LEs         ; 4 LEs                ; 0 LEs                  ; No         ; |sonar|Mux18                                                                                                                            ;
; 4:1                ; 5 bits    ; 10 LEs        ; 10 LEs               ; 0 LEs                  ; No         ; |sonar|Mux1                                                                                                                             ;
; 4:1                ; 6 bits    ; 12 LEs        ; 12 LEs               ; 0 LEs                  ; No         ; |sonar|Mux29                                                                                                                            ;
; 8:1                ; 3 bits    ; 15 LEs        ; 12 LEs               ; 3 LEs                  ; No         ; |sonar|sonar_fd:fd_sonar|Mux5                                                                                                           ;
; 9:1                ; 2 bits    ; 12 LEs        ; 8 LEs                ; 4 LEs                  ; No         ; |sonar|sonar_uc:uc_sonar|estado_proximo.normal_decide_modo                                                                              ;
+--------------------+-----------+---------------+----------------------+------------------------+------------+-----------------------------------------------------------------------------------------------------------------------------------------+


+-----------------------------------------------------------------------+
; Parameter Settings for User Entity Instance: Top-level Entity: |sonar ;
+----------------+-----------+------------------------------------------+
; Parameter Name ; Value     ; Type                                     ;
+----------------+-----------+------------------------------------------+
; CONTAGEM_2SEG  ; 100000000 ; Signed Integer                           ;
+----------------+-----------+------------------------------------------+
Note: In order to hide this table in the UI and the text report file, please set the "Show Parameter Settings in Synthesis Report" option in "Analysis and Synthesis Settings -> More Settings" to "Off".


+----------------------------------------------------------------+
; Parameter Settings for User Entity Instance: sonar_fd:fd_sonar ;
+----------------+-----------+-----------------------------------+
; Parameter Name ; Value     ; Type                              ;
+----------------+-----------+-----------------------------------+
; CONTAGEM_2SEG  ; 100000000 ; Signed Integer                    ;
+----------------+-----------+-----------------------------------+
Note: In order to hide this table in the UI and the text report file, please set the "Show Parameter Settings in Synthesis Report" option in "Analysis and Synthesis Settings -> More Settings" to "Off".


+-----------------------------------------------------------------------------------------------------------------------------+
; Parameter Settings for User Entity Instance: sonar_fd:fd_sonar|rx_serial_7E1:U0_rx|rx_serial_7E1_fd:U1_FD|deslocador_n:DESL ;
+----------------+-------+----------------------------------------------------------------------------------------------------+
; Parameter Name ; Value ; Type                                                                                               ;
+----------------+-------+----------------------------------------------------------------------------------------------------+
; N              ; 11    ; Signed Integer                                                                                     ;
+----------------+-------+----------------------------------------------------------------------------------------------------+
Note: In order to hide this table in the UI and the text report file, please set the "Show Parameter Settings in Synthesis Report" option in "Analysis and Synthesis Settings -> More Settings" to "Off".


+---------------------------------------------------------------------------------------------------------------------------+
; Parameter Settings for User Entity Instance: sonar_fd:fd_sonar|rx_serial_7E1:U0_rx|rx_serial_7E1_fd:U1_FD|contador_m:CONT ;
+----------------+-------+--------------------------------------------------------------------------------------------------+
; Parameter Name ; Value ; Type                                                                                             ;
+----------------+-------+--------------------------------------------------------------------------------------------------+
; M              ; 11    ; Signed Integer                                                                                   ;
; N              ; 4     ; Signed Integer                                                                                   ;
+----------------+-------+--------------------------------------------------------------------------------------------------+
Note: In order to hide this table in the UI and the text report file, please set the "Show Parameter Settings in Synthesis Report" option in "Analysis and Synthesis Settings -> More Settings" to "Off".


+-----------------------------------------------------------------------------------------------------------------------------+
; Parameter Settings for User Entity Instance: sonar_fd:fd_sonar|rx_serial_7E1:U0_rx|rx_serial_7E1_fd:U1_FD|registrador_n:REG ;
+----------------+-------+----------------------------------------------------------------------------------------------------+
; Parameter Name ; Value ; Type                                                                                               ;
+----------------+-------+----------------------------------------------------------------------------------------------------+
; N              ; 8     ; Signed Integer                                                                                     ;
+----------------+-------+----------------------------------------------------------------------------------------------------+
Note: In order to hide this table in the UI and the text report file, please set the "Show Parameter Settings in Synthesis Report" option in "Analysis and Synthesis Settings -> More Settings" to "Off".


+-------------------------------------------------------------------------------------------------------+
; Parameter Settings for User Entity Instance: sonar_fd:fd_sonar|rx_serial_7E1:U0_rx|rx_serial_uc:U2_UC ;
+----------------+-------+------------------------------------------------------------------------------+
; Parameter Name ; Value ; Type                                                                         ;
+----------------+-------+------------------------------------------------------------------------------+
; inicial        ; 0000  ; Unsigned Binary                                                              ;
; preparacao     ; 0010  ; Unsigned Binary                                                              ;
; espera         ; 0011  ; Unsigned Binary                                                              ;
; recepcao       ; 0111  ; Unsigned Binary                                                              ;
; registrar      ; 1001  ; Unsigned Binary                                                              ;
; final_rx       ; 1111  ; Unsigned Binary                                                              ;
+----------------+-------+------------------------------------------------------------------------------+
Note: In order to hide this table in the UI and the text report file, please set the "Show Parameter Settings in Synthesis Report" option in "Analysis and Synthesis Settings -> More Settings" to "Off".


+-------------------------------------------------------------------------------------------------------+
; Parameter Settings for User Entity Instance: sonar_fd:fd_sonar|rx_serial_7E1:U0_rx|contador_m:U3_TICK ;
+----------------+-------+------------------------------------------------------------------------------+
; Parameter Name ; Value ; Type                                                                         ;
+----------------+-------+------------------------------------------------------------------------------+
; M              ; 434   ; Signed Integer                                                               ;
; N              ; 9     ; Signed Integer                                                               ;
+----------------+-------+------------------------------------------------------------------------------+
Note: In order to hide this table in the UI and the text report file, please set the "Show Parameter Settings in Synthesis Report" option in "Analysis and Synthesis Settings -> More Settings" to "Off".


+---------------------------------------------------------------------------------+
; Parameter Settings for User Entity Instance: sonar_fd:fd_sonar|contador_m:U3_tx ;
+----------------+-------+--------------------------------------------------------+
; Parameter Name ; Value ; Type                                                   ;
+----------------+-------+--------------------------------------------------------+
; M              ; 9     ; Signed Integer                                         ;
; N              ; 4     ; Signed Integer                                         ;
+----------------+-------+--------------------------------------------------------+
Note: In order to hide this table in the UI and the text report file, please set the "Show Parameter Settings in Synthesis Report" option in "Analysis and Synthesis Settings -> More Settings" to "Off".


+-----------------------------------------------------------------------------------------------------------+
; Parameter Settings for User Entity Instance: sonar_fd:fd_sonar|interface_hcsr04:U1|interface_hcsr04_uc:U1 ;
+----------------+-------+----------------------------------------------------------------------------------+
; Parameter Name ; Value ; Type                                                                             ;
+----------------+-------+----------------------------------------------------------------------------------+
; inicial        ; 000   ; Unsigned Binary                                                                  ;
; preparacao     ; 001   ; Unsigned Binary                                                                  ;
; envia_trigger  ; 010   ; Unsigned Binary                                                                  ;
; espera_echo    ; 011   ; Unsigned Binary                                                                  ;
; medida         ; 100   ; Unsigned Binary                                                                  ;
; armazenamento  ; 101   ; Unsigned Binary                                                                  ;
; final_medida   ; 110   ; Unsigned Binary                                                                  ;
+----------------+-------+----------------------------------------------------------------------------------+
Note: In order to hide this table in the UI and the text report file, please set the "Show Parameter Settings in Synthesis Report" option in "Analysis and Synthesis Settings -> More Settings" to "Off".


+----------------------------------------------------------------------------------------------------------------------------+
; Parameter Settings for User Entity Instance: sonar_fd:fd_sonar|interface_hcsr04:U1|interface_hcsr04_fd:U2|gerador_pulso:U1 ;
+----------------+-------+---------------------------------------------------------------------------------------------------+
; Parameter Name ; Value ; Type                                                                                              ;
+----------------+-------+---------------------------------------------------------------------------------------------------+
; largura        ; 500   ; Signed Integer                                                                                    ;
+----------------+-------+---------------------------------------------------------------------------------------------------+
Note: In order to hide this table in the UI and the text report file, please set the "Show Parameter Settings in Synthesis Report" option in "Analysis and Synthesis Settings -> More Settings" to "Off".


+--------------------------------------------------------------------------------------------------------------------------+
; Parameter Settings for User Entity Instance: sonar_fd:fd_sonar|interface_hcsr04:U1|interface_hcsr04_fd:U2|contador_cm:U2 ;
+----------------+-------+-------------------------------------------------------------------------------------------------+
; Parameter Name ; Value ; Type                                                                                            ;
+----------------+-------+-------------------------------------------------------------------------------------------------+
; R              ; 2941  ; Signed Integer                                                                                  ;
; N              ; 12    ; Signed Integer                                                                                  ;
+----------------+-------+-------------------------------------------------------------------------------------------------+
Note: In order to hide this table in the UI and the text report file, please set the "Show Parameter Settings in Synthesis Report" option in "Analysis and Synthesis Settings -> More Settings" to "Off".


+--------------------------------------------------------------------------------------------------------------------------------------------+
; Parameter Settings for User Entity Instance: sonar_fd:fd_sonar|interface_hcsr04:U1|interface_hcsr04_fd:U2|contador_cm:U2|contador_cm_fd:FD ;
+----------------+-------+-------------------------------------------------------------------------------------------------------------------+
; Parameter Name ; Value ; Type                                                                                                              ;
+----------------+-------+-------------------------------------------------------------------------------------------------------------------+
; R              ; 2941  ; Signed Integer                                                                                                    ;
; N              ; 12    ; Signed Integer                                                                                                    ;
+----------------+-------+-------------------------------------------------------------------------------------------------------------------+
Note: In order to hide this table in the UI and the text report file, please set the "Show Parameter Settings in Synthesis Report" option in "Analysis and Synthesis Settings -> More Settings" to "Off".


+----------------------------------------------------------------------------------------------------------------------------------------------------------+
; Parameter Settings for User Entity Instance: sonar_fd:fd_sonar|interface_hcsr04:U1|interface_hcsr04_fd:U2|contador_cm:U2|contador_cm_fd:FD|contador_m:U1 ;
+----------------+-------+---------------------------------------------------------------------------------------------------------------------------------+
; Parameter Name ; Value ; Type                                                                                                                            ;
+----------------+-------+---------------------------------------------------------------------------------------------------------------------------------+
; M              ; 2941  ; Signed Integer                                                                                                                  ;
; N              ; 12    ; Signed Integer                                                                                                                  ;
+----------------+-------+---------------------------------------------------------------------------------------------------------------------------------+
Note: In order to hide this table in the UI and the text report file, please set the "Show Parameter Settings in Synthesis Report" option in "Analysis and Synthesis Settings -> More Settings" to "Off".


+--------------------------------------------------------------------------------------------------------------------------------------------+
; Parameter Settings for User Entity Instance: sonar_fd:fd_sonar|interface_hcsr04:U1|interface_hcsr04_fd:U2|contador_cm:U2|contador_cm_uc:UC ;
+----------------+-------+-------------------------------------------------------------------------------------------------------------------+
; Parameter Name ; Value ; Type                                                                                                              ;
+----------------+-------+-------------------------------------------------------------------------------------------------------------------+
; inicial        ; 000   ; Unsigned Binary                                                                                                   ;
; espera         ; 001   ; Unsigned Binary                                                                                                   ;
; contagem       ; 010   ; Unsigned Binary                                                                                                   ;
; estado_final   ; 011   ; Unsigned Binary                                                                                                   ;
+----------------+-------+-------------------------------------------------------------------------------------------------------------------+
Note: In order to hide this table in the UI and the text report file, please set the "Show Parameter Settings in Synthesis Report" option in "Analysis and Synthesis Settings -> More Settings" to "Off".


+----------------------------------------------------------------------------------------------------------------------------+
; Parameter Settings for User Entity Instance: sonar_fd:fd_sonar|interface_hcsr04:U1|interface_hcsr04_fd:U2|registrador_n:U3 ;
+----------------+-------+---------------------------------------------------------------------------------------------------+
; Parameter Name ; Value ; Type                                                                                              ;
+----------------+-------+---------------------------------------------------------------------------------------------------+
; N              ; 12    ; Signed Integer                                                                                    ;
+----------------+-------+---------------------------------------------------------------------------------------------------+
Note: In order to hide this table in the UI and the text report file, please set the "Show Parameter Settings in Synthesis Report" option in "Analysis and Synthesis Settings -> More Settings" to "Off".


+------------------------------------------------------------------------------------------------------------------------+
; Parameter Settings for User Entity Instance: sonar_fd:fd_sonar|tx_serial_7E1:U2|tx_serial_7E1_fd:U1_FD|deslocador_n:U1 ;
+----------------+-------+-----------------------------------------------------------------------------------------------+
; Parameter Name ; Value ; Type                                                                                          ;
+----------------+-------+-----------------------------------------------------------------------------------------------+
; N              ; 11    ; Signed Integer                                                                                ;
+----------------+-------+-----------------------------------------------------------------------------------------------+
Note: In order to hide this table in the UI and the text report file, please set the "Show Parameter Settings in Synthesis Report" option in "Analysis and Synthesis Settings -> More Settings" to "Off".


+----------------------------------------------------------------------------------------------------------------------+
; Parameter Settings for User Entity Instance: sonar_fd:fd_sonar|tx_serial_7E1:U2|tx_serial_7E1_fd:U1_FD|contador_m:U2 ;
+----------------+-------+---------------------------------------------------------------------------------------------+
; Parameter Name ; Value ; Type                                                                                        ;
+----------------+-------+---------------------------------------------------------------------------------------------+
; M              ; 12    ; Signed Integer                                                                              ;
; N              ; 4     ; Signed Integer                                                                              ;
+----------------+-------+---------------------------------------------------------------------------------------------+
Note: In order to hide this table in the UI and the text report file, please set the "Show Parameter Settings in Synthesis Report" option in "Analysis and Synthesis Settings -> More Settings" to "Off".


+----------------------------------------------------------------------------------------------------+
; Parameter Settings for User Entity Instance: sonar_fd:fd_sonar|tx_serial_7E1:U2|tx_serial_uc:U2_UC ;
+----------------+-------+---------------------------------------------------------------------------+
; Parameter Name ; Value ; Type                                                                      ;
+----------------+-------+---------------------------------------------------------------------------+
; inicial        ; 0000  ; Unsigned Binary                                                           ;
; preparacao     ; 0001  ; Unsigned Binary                                                           ;
; espera         ; 0011  ; Unsigned Binary                                                           ;
; transmissao    ; 0111  ; Unsigned Binary                                                           ;
; final_tx       ; 1111  ; Unsigned Binary                                                           ;
+----------------+-------+---------------------------------------------------------------------------+
Note: In order to hide this table in the UI and the text report file, please set the "Show Parameter Settings in Synthesis Report" option in "Analysis and Synthesis Settings -> More Settings" to "Off".


+----------------------------------------------------------------------------------------------------+
; Parameter Settings for User Entity Instance: sonar_fd:fd_sonar|tx_serial_7E1:U2|contador_m:U3_TICK ;
+----------------+-------+---------------------------------------------------------------------------+
; Parameter Name ; Value ; Type                                                                      ;
+----------------+-------+---------------------------------------------------------------------------+
; M              ; 434   ; Signed Integer                                                            ;
; N              ; 9     ; Signed Integer                                                            ;
+----------------+-------+---------------------------------------------------------------------------+
Note: In order to hide this table in the UI and the text report file, please set the "Show Parameter Settings in Synthesis Report" option in "Analysis and Synthesis Settings -> More Settings" to "Off".


+------------------------------------------------------------------------------+
; Parameter Settings for User Entity Instance: sonar_fd:fd_sonar|contador_m:U4 ;
+----------------+-----------+-------------------------------------------------+
; Parameter Name ; Value     ; Type                                            ;
+----------------+-----------+-------------------------------------------------+
; M              ; 100000000 ; Signed Integer                                  ;
; N              ; 27        ; Signed Integer                                  ;
+----------------+-----------+-------------------------------------------------+
Note: In order to hide this table in the UI and the text report file, please set the "Show Parameter Settings in Synthesis Report" option in "Analysis and Synthesis Settings -> More Settings" to "Off".


+----------------------------------------------------------------------------------------------------------+
; Parameter Settings for User Entity Instance: sonar_fd:fd_sonar|controle_servo_8:U7|circuito_pwm:gera_pwm ;
+----------------+---------+-------------------------------------------------------------------------------+
; Parameter Name ; Value   ; Type                                                                          ;
+----------------+---------+-------------------------------------------------------------------------------+
; conf_periodo   ; 1000000 ; Signed Integer                                                                ;
; largura_000    ; 35000   ; Signed Integer                                                                ;
; largura_001    ; 45700   ; Signed Integer                                                                ;
; largura_010    ; 56450   ; Signed Integer                                                                ;
; largura_011    ; 67150   ; Signed Integer                                                                ;
; largura_100    ; 77850   ; Signed Integer                                                                ;
; largura_101    ; 88550   ; Signed Integer                                                                ;
; largura_110    ; 99300   ; Signed Integer                                                                ;
; largura_111    ; 110000  ; Signed Integer                                                                ;
+----------------+---------+-------------------------------------------------------------------------------+
Note: In order to hide this table in the UI and the text report file, please set the "Show Parameter Settings in Synthesis Report" option in "Analysis and Synthesis Settings -> More Settings" to "Off".


+------------------------------------------------------------------------------+
; Parameter Settings for User Entity Instance: sonar_fd:fd_sonar|contador_m:U8 ;
+----------------+----------+--------------------------------------------------+
; Parameter Name ; Value    ; Type                                             ;
+----------------+----------+--------------------------------------------------+
; M              ; 50000000 ; Signed Integer                                   ;
; N              ; 26       ; Signed Integer                                   ;
+----------------+----------+--------------------------------------------------+
Note: In order to hide this table in the UI and the text report file, please set the "Show Parameter Settings in Synthesis Report" option in "Analysis and Synthesis Settings -> More Settings" to "Off".


+-------------------------------------------------------------+
; Port Connectivity Checks: "sonar_fd:fd_sonar|contador_m:U8" ;
+---------+--------+----------+-------------------------------+
; Port    ; Type   ; Severity ; Details                       ;
+---------+--------+----------+-------------------------------+
; zera_as ; Input  ; Info     ; Stuck at GND                  ;
; Q       ; Output ; Info     ; Explicitly unconnected        ;
; meio    ; Output ; Info     ; Explicitly unconnected        ;
+---------+--------+----------+-------------------------------+


+-------------------------------------------------------------------+
; Port Connectivity Checks: "sonar_fd:fd_sonar|controle_servo_8:U7" ;
+-------------+--------+----------+---------------------------------+
; Port        ; Type   ; Severity ; Details                         ;
+-------------+--------+----------+---------------------------------+
; db_reset    ; Output ; Info     ; Explicitly unconnected          ;
; db_controle ; Output ; Info     ; Explicitly unconnected          ;
+-------------+--------+----------+---------------------------------+


+---------------------------------------------------------------------------------------------------------------------+
; Port Connectivity Checks: "sonar_fd:fd_sonar|rom_angulos_8x24:U6"                                                   ;
+-----------+--------+----------+-------------------------------------------------------------------------------------+
; Port      ; Type   ; Severity ; Details                                                                             ;
+-----------+--------+----------+-------------------------------------------------------------------------------------+
; saida[23] ; Output ; Info     ; Connected to dangling logic. Logic that only feeds a dangling port will be removed. ;
; saida[15] ; Output ; Info     ; Connected to dangling logic. Logic that only feeds a dangling port will be removed. ;
; saida[7]  ; Output ; Info     ; Connected to dangling logic. Logic that only feeds a dangling port will be removed. ;
+-----------+--------+----------+-------------------------------------------------------------------------------------+


+-------------------------------------------------------------+
; Port Connectivity Checks: "sonar_fd:fd_sonar|contador_m:U4" ;
+---------+--------+----------+-------------------------------+
; Port    ; Type   ; Severity ; Details                       ;
+---------+--------+----------+-------------------------------+
; zera_as ; Input  ; Info     ; Stuck at GND                  ;
; conta   ; Input  ; Info     ; Stuck at VCC                  ;
; Q       ; Output ; Info     ; Explicitly unconnected        ;
; meio    ; Output ; Info     ; Explicitly unconnected        ;
+---------+--------+----------+-------------------------------+


+-----------------------------------------------------------------------------------+
; Port Connectivity Checks: "sonar_fd:fd_sonar|tx_serial_7E1:U2|contador_m:U3_TICK" ;
+---------+--------+----------+-----------------------------------------------------+
; Port    ; Type   ; Severity ; Details                                             ;
+---------+--------+----------+-----------------------------------------------------+
; zera_as ; Input  ; Info     ; Stuck at GND                                        ;
; conta   ; Input  ; Info     ; Stuck at VCC                                        ;
; Q       ; Output ; Info     ; Explicitly unconnected                              ;
; meio    ; Output ; Info     ; Explicitly unconnected                              ;
+---------+--------+----------+-----------------------------------------------------+


+-----------------------------------------------------------------------------------------------------+
; Port Connectivity Checks: "sonar_fd:fd_sonar|tx_serial_7E1:U2|tx_serial_7E1_fd:U1_FD|contador_m:U2" ;
+---------+--------+----------+-----------------------------------------------------------------------+
; Port    ; Type   ; Severity ; Details                                                               ;
+---------+--------+----------+-----------------------------------------------------------------------+
; zera_as ; Input  ; Info     ; Stuck at GND                                                          ;
; Q       ; Output ; Info     ; Explicitly unconnected                                                ;
; meio    ; Output ; Info     ; Explicitly unconnected                                                ;
+---------+--------+----------+-----------------------------------------------------------------------+


+--------------------------------------------------------------------------------------------------------------------------+
; Port Connectivity Checks: "sonar_fd:fd_sonar|tx_serial_7E1:U2|tx_serial_7E1_fd:U1_FD|deslocador_n:U1"                    ;
+----------------+--------+----------+-------------------------------------------------------------------------------------+
; Port           ; Type   ; Severity ; Details                                                                             ;
+----------------+--------+----------+-------------------------------------------------------------------------------------+
; entrada_serial ; Input  ; Info     ; Stuck at VCC                                                                        ;
; dados[10]      ; Input  ; Info     ; Stuck at VCC                                                                        ;
; dados[1]       ; Input  ; Info     ; Stuck at GND                                                                        ;
; dados[0]       ; Input  ; Info     ; Stuck at VCC                                                                        ;
; saida[10..1]   ; Output ; Info     ; Connected to dangling logic. Logic that only feeds a dangling port will be removed. ;
+----------------+--------+----------+-------------------------------------------------------------------------------------+


+----------------------------------------------------------------+
; Port Connectivity Checks: "sonar_fd:fd_sonar|tx_serial_7E1:U2" ;
+-----------------+--------+----------+--------------------------+
; Port            ; Type   ; Severity ; Details                  ;
+-----------------+--------+----------+--------------------------+
; db_partida      ; Output ; Info     ; Explicitly unconnected   ;
; db_saida_serial ; Output ; Info     ; Explicitly unconnected   ;
+-----------------+--------+----------+--------------------------+


+-----------------------------------------------------------------------------------------------------------------------------------------+
; Port Connectivity Checks: "sonar_fd:fd_sonar|interface_hcsr04:U1|interface_hcsr04_fd:U2|contador_cm:U2|contador_cm_fd:FD|contador_m:U1" ;
+---------+--------+----------+-----------------------------------------------------------------------------------------------------------+
; Port    ; Type   ; Severity ; Details                                                                                                   ;
+---------+--------+----------+-----------------------------------------------------------------------------------------------------------+
; zera_as ; Input  ; Info     ; Stuck at GND                                                                                              ;
; Q       ; Output ; Info     ; Explicitly unconnected                                                                                    ;
; meio    ; Output ; Info     ; Explicitly unconnected                                                                                    ;
+---------+--------+----------+-----------------------------------------------------------------------------------------------------------+


+-----------------------------------------------------------------------------------------------------------+
; Port Connectivity Checks: "sonar_fd:fd_sonar|interface_hcsr04:U1|interface_hcsr04_fd:U2|gerador_pulso:U1" ;
+--------+--------+----------+------------------------------------------------------------------------------+
; Port   ; Type   ; Severity ; Details                                                                      ;
+--------+--------+----------+------------------------------------------------------------------------------+
; para   ; Input  ; Info     ; Stuck at GND                                                                 ;
; pronto ; Output ; Info     ; Explicitly unconnected                                                       ;
+--------+--------+----------+------------------------------------------------------------------------------+


+------------------------------------------------------------------------------------------+
; Port Connectivity Checks: "sonar_fd:fd_sonar|interface_hcsr04:U1|interface_hcsr04_fd:U2" ;
+------+--------+----------+---------------------------------------------------------------+
; Port ; Type   ; Severity ; Details                                                       ;
+------+--------+----------+---------------------------------------------------------------+
; fim  ; Output ; Info     ; Explicitly unconnected                                        ;
+------+--------+----------+---------------------------------------------------------------+


+-------------------------------------------------------------------+
; Port Connectivity Checks: "sonar_fd:fd_sonar|interface_hcsr04:U1" ;
+----------+--------+----------+------------------------------------+
; Port     ; Type   ; Severity ; Details                            ;
+----------+--------+----------+------------------------------------+
; db_reset ; Output ; Info     ; Explicitly unconnected             ;
; db_medir ; Output ; Info     ; Explicitly unconnected             ;
+----------+--------+----------+------------------------------------+


+----------------------------------------------------------------+
; Port Connectivity Checks: "sonar_fd:fd_sonar|contador_m:U3_tx" ;
+---------+--------+----------+----------------------------------+
; Port    ; Type   ; Severity ; Details                          ;
+---------+--------+----------+----------------------------------+
; zera_as ; Input  ; Info     ; Stuck at GND                     ;
; meio    ; Output ; Info     ; Explicitly unconnected           ;
+---------+--------+----------+----------------------------------+


+--------------------------------------------------------------------------------------+
; Port Connectivity Checks: "sonar_fd:fd_sonar|rx_serial_7E1:U0_rx|contador_m:U3_TICK" ;
+---------+--------+----------+--------------------------------------------------------+
; Port    ; Type   ; Severity ; Details                                                ;
+---------+--------+----------+--------------------------------------------------------+
; zera_as ; Input  ; Info     ; Stuck at GND                                           ;
; conta   ; Input  ; Info     ; Stuck at VCC                                           ;
; Q       ; Output ; Info     ; Explicitly unconnected                                 ;
; fim     ; Output ; Info     ; Explicitly unconnected                                 ;
+---------+--------+----------+--------------------------------------------------------+


+----------------------------------------------------------------------------------------------------------+
; Port Connectivity Checks: "sonar_fd:fd_sonar|rx_serial_7E1:U0_rx|rx_serial_7E1_fd:U1_FD|contador_m:CONT" ;
+------+--------+----------+-------------------------------------------------------------------------------+
; Port ; Type   ; Severity ; Details                                                                       ;
+------+--------+----------+-------------------------------------------------------------------------------+
; Q    ; Output ; Info     ; Explicitly unconnected                                                        ;
; meio ; Output ; Info     ; Explicitly unconnected                                                        ;
+------+--------+----------+-------------------------------------------------------------------------------+


+-----------------------------------------------------------------------------------------------------------------------+
; Port Connectivity Checks: "sonar_fd:fd_sonar|rx_serial_7E1:U0_rx|rx_serial_7E1_fd:U1_FD|deslocador_n:DESL"            ;
+-------------+--------+----------+-------------------------------------------------------------------------------------+
; Port        ; Type   ; Severity ; Details                                                                             ;
+-------------+--------+----------+-------------------------------------------------------------------------------------+
; dados       ; Input  ; Info     ; Stuck at VCC                                                                        ;
; saida[1..0] ; Output ; Info     ; Connected to dangling logic. Logic that only feeds a dangling port will be removed. ;
; saida[10]   ; Output ; Info     ; Connected to dangling logic. Logic that only feeds a dangling port will be removed. ;
+-------------+--------+----------+-------------------------------------------------------------------------------------+


+-------------------------------------------------------------------+
; Port Connectivity Checks: "sonar_fd:fd_sonar|rx_serial_7E1:U0_rx" ;
+----------+--------+----------+------------------------------------+
; Port     ; Type   ; Severity ; Details                            ;
+----------+--------+----------+------------------------------------+
; paridade ; Output ; Info     ; Explicitly unconnected             ;
; db_clock ; Output ; Info     ; Explicitly unconnected             ;
; db_tick  ; Output ; Info     ; Explicitly unconnected             ;
+----------+--------+----------+------------------------------------+


+-----------------------------------------------------+
; Post-Synthesis Netlist Statistics for Top Partition ;
+-----------------------+-----------------------------+
; Type                  ; Count                       ;
+-----------------------+-----------------------------+
; arriav_ff             ; 274                         ;
;     CLR               ; 67                          ;
;     CLR SCLR          ; 42                          ;
;     ENA               ; 23                          ;
;     ENA CLR           ; 59                          ;
;     ENA SCLR          ; 38                          ;
;     SCLR              ; 45                          ;
; arriav_lcell_comb     ; 474                         ;
;     arith             ; 147                         ;
;         1 data inputs ; 147                         ;
;     extend            ; 5                           ;
;         7 data inputs ; 5                           ;
;     normal            ; 322                         ;
;         0 data inputs ; 1                           ;
;         1 data inputs ; 15                          ;
;         2 data inputs ; 46                          ;
;         3 data inputs ; 46                          ;
;         4 data inputs ; 123                         ;
;         5 data inputs ; 29                          ;
;         6 data inputs ; 62                          ;
; boundary_port         ; 64                          ;
;                       ;                             ;
; Max LUT depth         ; 5.10                        ;
; Average LUT depth     ; 2.82                        ;
+-----------------------+-----------------------------+


+-------------------------------+
; Elapsed Time Per Partition    ;
+----------------+--------------+
; Partition Name ; Elapsed Time ;
+----------------+--------------+
; Top            ; 00:00:02     ;
+----------------+--------------+


+-------------------------------+
; Analysis & Synthesis Messages ;
+-------------------------------+
Info: *******************************************************************
Info: Running Quartus Prime Analysis & Synthesis
    Info: Version 25.1std.0 Build 1129 10/21/2025 SC Lite Edition
    Info: Processing started: Tue Oct  6 16:51:20 2026
Info: Command: quartus_map --read_settings_files=on --write_settings_files=off exp6 -c exp6
Warning (18236): Number of processors has not been specified which may cause overloading on shared machines.  Set the global assignment NUM_PARALLEL_PROCESSORS in your QSF to an appropriate value for best performance.
Info (20030): Parallel compilation is enabled and will use 2 of the 2 processors detected
Info (12021): Found 1 design units, including 1 entities, in source file /labdig2/experiencia6/tx_serial_uc.v
    Info (12023): Found entity 1: tx_serial_uc File: C:/labdig2/experiencia6/tx_serial_uc.v Line: 17
Info (12021): Found 1 design units, including 1 entities, in source file /labdig2/experiencia6/tx_serial_7e1_fd.v
    Info (12023): Found entity 1: tx_serial_7E1_fd File: C:/labdig2/experiencia6/tx_serial_7E1_fd.v Line: 17
Info (12021): Found 1 design units, including 1 entities, in source file /labdig2/experiencia6/tx_serial_7e1.v
    Info (12023): Found entity 1: tx_serial_7E1 File: C:/labdig2/experiencia6/tx_serial_7E1.v Line: 1
Info (12021): Found 1 design units, including 1 entities, in source file /labdig2/experiencia6/sonar_uc_moore_tb.v
    Info (12023): Found entity 1: sonar_uc_moore_tb File: C:/labdig2/experiencia6/sonar_uc_moore_tb.v Line: 3
Info (12021): Found 1 design units, including 1 entities, in source file /labdig2/experiencia6/sonar_uc.v
    Info (12023): Found entity 1: sonar_uc File: C:/labdig2/experiencia6/sonar_uc.v Line: 1
Info (12021): Found 1 design units, including 1 entities, in source file /labdig2/experiencia6/sonar_tb.v
    Info (12023): Found entity 1: sonar_tb File: C:/labdig2/experiencia6/sonar_tb.v Line: 3
Info (12021): Found 1 design units, including 1 entities, in source file /labdig2/experiencia6/sonar_mode_tb.v
    Info (12023): Found entity 1: sonar_mode_tb File: C:/labdig2/experiencia6/sonar_mode_tb.v Line: 3
Info (12021): Found 1 design units, including 1 entities, in source file /labdig2/experiencia6/sonar_fd.v
    Info (12023): Found entity 1: sonar_fd File: C:/labdig2/experiencia6/sonar_fd.v Line: 1
Info (12021): Found 1 design units, including 1 entities, in source file /labdig2/experiencia6/sonar.v
    Info (12023): Found entity 1: sonar File: C:/labdig2/experiencia6/sonar.v Line: 1
Info (12021): Found 1 design units, including 1 entities, in source file /labdig2/experiencia6/rx_serial_uc.v
    Info (12023): Found entity 1: rx_serial_uc File: C:/labdig2/experiencia6/rx_serial_uc.v Line: 15
Info (12021): Found 1 design units, including 1 entities, in source file /labdig2/experiencia6/rx_serial_tb.v
    Info (12023): Found entity 1: rx_serial_tb File: C:/labdig2/experiencia6/rx_serial_tb.v Line: 19
Info (12021): Found 1 design units, including 1 entities, in source file /labdig2/experiencia6/rx_serial_7e1_fd.v
    Info (12023): Found entity 1: rx_serial_7E1_fd File: C:/labdig2/experiencia6/rx_serial_7E1_fd.v Line: 17
Info (12021): Found 1 design units, including 1 entities, in source file /labdig2/experiencia6/rx_serial_7e1.v
    Info (12023): Found entity 1: rx_serial_7E1 File: C:/labdig2/experiencia6/rx_serial_7E1.v Line: 19
Info (12021): Found 1 design units, including 1 entities, in source file /labdig2/experiencia6/rom_angulos_8x24.v
    Info (12023): Found entity 1: rom_angulos_8x24 File: C:/labdig2/experiencia6/rom_angulos_8x24.v Line: 5
Info (12021): Found 1 design units, including 1 entities, in source file /labdig2/experiencia6/registrador_n.v
    Info (12023): Found entity 1: registrador_n File: C:/labdig2/experiencia6/registrador_n.v Line: 17
Info (12021): Found 1 design units, including 1 entities, in source file /labdig2/experiencia6/interface_hcsr04_uc.v
    Info (12023): Found entity 1: interface_hcsr04_uc File: C:/labdig2/experiencia6/interface_hcsr04_uc.v Line: 14
Info (12021): Found 1 design units, including 1 entities, in source file /labdig2/experiencia6/interface_hcsr04_fd.v
    Info (12023): Found entity 1: interface_hcsr04_fd File: C:/labdig2/experiencia6/interface_hcsr04_fd.v Line: 15
Info (12021): Found 1 design units, including 1 entities, in source file /labdig2/experiencia6/interface_hcsr04.v
    Info (12023): Found entity 1: interface_hcsr04 File: C:/labdig2/experiencia6/interface_hcsr04.v Line: 17
Info (12021): Found 1 design units, including 1 entities, in source file /labdig2/experiencia6/hexa7seg.v
    Info (12023): Found entity 1: hexa7seg File: C:/labdig2/experiencia6/hexa7seg.v Line: 22
Info (12021): Found 1 design units, including 1 entities, in source file /labdig2/experiencia6/gerador_pulso.v
    Info (12023): Found entity 1: gerador_pulso File: C:/labdig2/experiencia6/gerador_pulso.v Line: 14
Info (12021): Found 1 design units, including 1 entities, in source file /labdig2/experiencia6/deslocador_n.v
    Info (12023): Found entity 1: deslocador_n File: C:/labdig2/experiencia6/deslocador_n.v Line: 15
Info (12021): Found 1 design units, including 1 entities, in source file /labdig2/experiencia6/controle_servo_8.v
    Info (12023): Found entity 1: controle_servo_8 File: C:/labdig2/experiencia6/controle_servo_8.v Line: 4
Info (12021): Found 1 design units, including 1 entities, in source file /labdig2/experiencia6/contador_m.v
    Info (12023): Found entity 1: contador_m File: C:/labdig2/experiencia6/contador_m.v Line: 17
Info (12021): Found 1 design units, including 1 entities, in source file /labdig2/experiencia6/contador_endereco.v
    Info (12023): Found entity 1: contador_endereco File: C:/labdig2/experiencia6/contador_endereco.v Line: 1
Info (12021): Found 1 design units, including 1 entities, in source file /labdig2/experiencia6/contador_cm_uc.v
    Info (12023): Found entity 1: contador_cm_uc File: C:/labdig2/experiencia6/contador_cm_uc.v Line: 16
Info (12021): Found 1 design units, including 1 entities, in source file /labdig2/experiencia6/contador_cm_fd.v
    Info (12023): Found entity 1: contador_cm_fd File: C:/labdig2/experiencia6/contador_cm_fd.v Line: 15
Info (12021): Found 1 design units, including 1 entities, in source file /labdig2/experiencia6/contador_cm.v
    Info (12023): Found entity 1: contador_cm File: C:/labdig2/experiencia6/contador_cm.v Line: 15
Info (12021): Found 1 design units, including 1 entities, in source file /labdig2/experiencia6/contador_bcd_3digitos.v
    Info (12023): Found entity 1: contador_bcd_3digitos File: C:/labdig2/experiencia6/contador_bcd_3digitos.v Line: 14
Info (12021): Found 1 design units, including 1 entities, in source file /labdig2/experiencia6/circuito_pwm.v
    Info (12023): Found entity 1: circuito_pwm File: C:/labdig2/experiencia6/circuito_pwm.v Line: 20
Info (12127): Elaborating entity "sonar" for the top level hierarchy
Info (12128): Elaborating entity "sonar_uc" for hierarchy "sonar_uc:uc_sonar" File: C:/labdig2/experiencia6/sonar.v Line: 78
Info (10264): Verilog HDL Case Statement information at sonar_uc.v(132): all case item expressions in this case statement are onehot File: C:/labdig2/experiencia6/sonar_uc.v Line: 132
Info (10264): Verilog HDL Case Statement information at sonar_uc.v(187): all case item expressions in this case statement are onehot File: C:/labdig2/experiencia6/sonar_uc.v Line: 187
Info (12128): Elaborating entity "sonar_fd" for hierarchy "sonar_fd:fd_sonar" File: C:/labdig2/experiencia6/sonar.v Line: 122
Info (12128): Elaborating entity "rx_serial_7E1" for hierarchy "sonar_fd:fd_sonar|rx_serial_7E1:U0_rx" File: C:/labdig2/experiencia6/sonar_fd.v Line: 91
Info (12128): Elaborating entity "rx_serial_7E1_fd" for hierarchy "sonar_fd:fd_sonar|rx_serial_7E1:U0_rx|rx_serial_7E1_fd:U1_FD" File: C:/labdig2/experiencia6/rx_serial_7E1.v Line: 60
Info (12128): Elaborating entity "deslocador_n" for hierarchy "sonar_fd:fd_sonar|rx_serial_7E1:U0_rx|rx_serial_7E1_fd:U1_FD|deslocador_n:DESL" File: C:/labdig2/experiencia6/rx_serial_7E1_fd.v Line: 46
Info (12128): Elaborating entity "contador_m" for hierarchy "sonar_fd:fd_sonar|rx_serial_7E1:U0_rx|rx_serial_7E1_fd:U1_FD|contador_m:CONT" File: C:/labdig2/experiencia6/rx_serial_7E1_fd.v Line: 60
Info (12128): Elaborating entity "registrador_n" for hierarchy "sonar_fd:fd_sonar|rx_serial_7E1:U0_rx|rx_serial_7E1_fd:U1_FD|registrador_n:REG" File: C:/labdig2/experiencia6/rx_serial_7E1_fd.v Line: 70
Info (12128): Elaborating entity "rx_serial_uc" for hierarchy "sonar_fd:fd_sonar|rx_serial_7E1:U0_rx|rx_serial_uc:U2_UC" File: C:/labdig2/experiencia6/rx_serial_7E1.v Line: 78
Info (12128): Elaborating entity "contador_m" for hierarchy "sonar_fd:fd_sonar|rx_serial_7E1:U0_rx|contador_m:U3_TICK" File: C:/labdig2/experiencia6/rx_serial_7E1.v Line: 96
Info (12128): Elaborating entity "contador_m" for hierarchy "sonar_fd:fd_sonar|contador_m:U3_tx" File: C:/labdig2/experiencia6/sonar_fd.v Line: 119
Info (12128): Elaborating entity "interface_hcsr04" for hierarchy "sonar_fd:fd_sonar|interface_hcsr04:U1" File: C:/labdig2/experiencia6/sonar_fd.v Line: 150
Info (12128): Elaborating entity "interface_hcsr04_uc" for hierarchy "sonar_fd:fd_sonar|interface_hcsr04:U1|interface_hcsr04_uc:U1" File: C:/labdig2/experiencia6/interface_hcsr04.v Line: 53
Info (12128): Elaborating entity "interface_hcsr04_fd" for hierarchy "sonar_fd:fd_sonar|interface_hcsr04:U1|interface_hcsr04_fd:U2" File: C:/labdig2/experiencia6/interface_hcsr04.v Line: 66
Info (12128): Elaborating entity "gerador_pulso" for hierarchy "sonar_fd:fd_sonar|interface_hcsr04:U1|interface_hcsr04_fd:U2|gerador_pulso:U1" File: C:/labdig2/experiencia6/interface_hcsr04_fd.v Line: 42
Info (12128): Elaborating entity "contador_cm" for hierarchy "sonar_fd:fd_sonar|interface_hcsr04:U1|interface_hcsr04_fd:U2|contador_cm:U2" File: C:/labdig2/experiencia6/interface_hcsr04_fd.v Line: 57
Info (12128): Elaborating entity "contador_cm_fd" for hierarchy "sonar_fd:fd_sonar|interface_hcsr04:U1|interface_hcsr04_fd:U2|contador_cm:U2|contador_cm_fd:FD" File: C:/labdig2/experiencia6/contador_cm.v Line: 52
Info (12128): Elaborating entity "contador_m" for hierarchy "sonar_fd:fd_sonar|interface_hcsr04:U1|interface_hcsr04_fd:U2|contador_cm:U2|contador_cm_fd:FD|contador_m:U1" File: C:/labdig2/experiencia6/contador_cm_fd.v Line: 44
Info (12128): Elaborating entity "contador_bcd_3digitos" for hierarchy "sonar_fd:fd_sonar|interface_hcsr04:U1|interface_hcsr04_fd:U2|contador_cm:U2|contador_cm_fd:FD|contador_bcd_3digitos:U2" File: C:/labdig2/experiencia6/contador_cm_fd.v Line: 55
Info (12128): Elaborating entity "contador_cm_uc" for hierarchy "sonar_fd:fd_sonar|interface_hcsr04:U1|interface_hcsr04_fd:U2|contador_cm:U2|contador_cm_uc:UC" File: C:/labdig2/experiencia6/contador_cm.v Line: 65
Info (10264): Verilog HDL Case Statement information at contador_cm_uc.v(87): all case item expressions in this case statement are onehot File: C:/labdig2/experiencia6/contador_cm_uc.v Line: 87
Info (12128): Elaborating entity "registrador_n" for hierarchy "sonar_fd:fd_sonar|interface_hcsr04:U1|interface_hcsr04_fd:U2|registrador_n:U3" File: C:/labdig2/experiencia6/interface_hcsr04_fd.v Line: 68
Info (12128): Elaborating entity "tx_serial_7E1" for hierarchy "sonar_fd:fd_sonar|tx_serial_7E1:U2" File: C:/labdig2/experiencia6/sonar_fd.v Line: 163
Info (12128): Elaborating entity "tx_serial_7E1_fd" for hierarchy "sonar_fd:fd_sonar|tx_serial_7E1:U2|tx_serial_7E1_fd:U1_FD" File: C:/labdig2/experiencia6/tx_serial_7E1.v Line: 39
Info (12128): Elaborating entity "contador_m" for hierarchy "sonar_fd:fd_sonar|tx_serial_7E1:U2|tx_serial_7E1_fd:U1_FD|contador_m:U2" File: C:/labdig2/experiencia6/tx_serial_7E1_fd.v Line: 68
Info (12128): Elaborating entity "tx_serial_uc" for hierarchy "sonar_fd:fd_sonar|tx_serial_7E1:U2|tx_serial_uc:U2_UC" File: C:/labdig2/experiencia6/tx_serial_7E1.v Line: 55
Info (12128): Elaborating entity "contador_m" for hierarchy "sonar_fd:fd_sonar|contador_m:U4" File: C:/labdig2/experiencia6/sonar_fd.v Line: 177
Info (12128): Elaborating entity "contador_endereco" for hierarchy "sonar_fd:fd_sonar|contador_endereco:U5" File: C:/labdig2/experiencia6/sonar_fd.v Line: 185
Info (12128): Elaborating entity "rom_angulos_8x24" for hierarchy "sonar_fd:fd_sonar|rom_angulos_8x24:U6" File: C:/labdig2/experiencia6/sonar_fd.v Line: 191
Warning (10030): Net "tabela_angulos.data_a" at rom_angulos_8x24.v(11) has no driver or initial value, using a default initial value '0' File: C:/labdig2/experiencia6/rom_angulos_8x24.v Line: 11
Warning (10030): Net "tabela_angulos.waddr_a" at rom_angulos_8x24.v(11) has no driver or initial value, using a default initial value '0' File: C:/labdig2/experiencia6/rom_angulos_8x24.v Line: 11
Warning (10030): Net "tabela_angulos.we_a" at rom_angulos_8x24.v(11) has no driver or initial value, using a default initial value '0' File: C:/labdig2/experiencia6/rom_angulos_8x24.v Line: 11
Info (12128): Elaborating entity "controle_servo_8" for hierarchy "sonar_fd:fd_sonar|controle_servo_8:U7" File: C:/labdig2/experiencia6/sonar_fd.v Line: 202
Info (12128): Elaborating entity "circuito_pwm" for hierarchy "sonar_fd:fd_sonar|controle_servo_8:U7|circuito_pwm:gera_pwm" File: C:/labdig2/experiencia6/controle_servo_8.v Line: 30
Info (12128): Elaborating entity "contador_m" for hierarchy "sonar_fd:fd_sonar|contador_m:U8" File: C:/labdig2/experiencia6/sonar_fd.v Line: 216
Info (12128): Elaborating entity "hexa7seg" for hierarchy "hexa7seg:HEX0" File: C:/labdig2/experiencia6/sonar.v Line: 201
Info (276014): Found 1 instances of uninferred RAM logic
    Info (276004): RAM logic "sonar_fd:fd_sonar|rom_angulos_8x24:U6|tabela_angulos" is uninferred due to inappropriate RAM size File: C:/labdig2/experiencia6/rom_angulos_8x24.v Line: 11
Warning (13024): Output pins are stuck at VCC or GND
    Warning (13410): Pin "LEDR[6]" is stuck at GND File: C:/labdig2/experiencia6/sonar.v Line: 22
    Warning (13410): Pin "LEDR[7]" is stuck at GND File: C:/labdig2/experiencia6/sonar.v Line: 22
    Warning (13410): Pin "LEDR[8]" is stuck at GND File: C:/labdig2/experiencia6/sonar.v Line: 22
    Warning (13410): Pin "LEDR[9]" is stuck at GND File: C:/labdig2/experiencia6/sonar.v Line: 22
Info (286030): Timing-Driven Synthesis is running
Info (17049): 18 registers lost all their fanouts during netlist optimizations.
Info (144001): Generated suppressed messages file C:/labdig2/experiencia6/quartus/output_files/exp6.map.smsg
Info (16010): Generating hard_block partition "hard_block:auto_generated_inst"
    Info (16011): Adding 0 node(s), including 0 DDIO, 0 PLL, 0 transceiver and 0 LCELL
Info (21057): Implemented 548 device resources after synthesis - the final resource count might be different
    Info (21058): Implemented 7 input pins
    Info (21059): Implemented 57 output pins
    Info (21061): Implemented 484 logic cells
Info: Quartus Prime Analysis & Synthesis was successful. 0 errors, 9 warnings
    Info: Peak virtual memory: 4826 megabytes
    Info: Processing ended: Tue Oct  6 16:51:48 2026
    Info: Elapsed time: 00:00:28
    Info: Total CPU time (on all processors): 00:00:30


+------------------------------------------+
; Analysis & Synthesis Suppressed Messages ;
+------------------------------------------+
The suppressed messages can be found in C:/labdig2/experiencia6/quartus/output_files/exp6.map.smsg.


